Dates,USD Curncy,EUR Curncy,GBP Curncy,JPY Curncy,AUD Curncy,NZD Curncy,CAD Curncy,CHF Curncy,NOK Curncy,SEK Curncy,RUB Curncy,CNY Curncy,INR Curncy,TRY Curncy,SGD Curncy,CZK Curncy,DKK Curncy,HRK Curncy,RSD Curncy,AMD Curncy
8/14/2019,1,1.1139,1.206,105.91,0.6748,0.6436,1.3319,0.9732,8.9831,9.6338,66.0525,7.0237,71.2738,5.6123,1.39,23.234,6.6969,6.6336,105.7271,475.72
8/15/2019,1,1.1107,1.2088,106.12,0.6775,0.6449,1.3313,0.9765,9.0209,9.6436,66.0558,7.034,71.2738,5.5672,1.389,23.2636,6.7157,6.6518,105.9878,475.85
8/16/2019,1,1.109,1.2149,106.38,0.6779,0.6429,1.3269,0.9783,9.0053,9.6648,66.516,7.0428,71.155,5.5796,1.3845,23.2085,6.7232,6.6618,106.1769,475.9
8/19/2019,1,1.1078,1.2126,106.64,0.6764,0.6411,1.3324,0.9817,8.9784,9.6872,66.916,7.0507,71.4425,5.6603,1.3866,23.2839,6.7316,6.6681,106.2881,476
8/20/2019,1,1.11,1.217,106.23,0.6778,0.6416,1.3319,0.978,8.9829,9.6934,66.5471,7.0605,71.71,5.7314,1.3849,23.2332,6.7166,6.6514,106.1138,475.85
8/21/2019,1,1.1085,1.213,106.62,0.6781,0.6404,1.3291,0.9819,8.9448,9.6258,65.7629,7.0627,71.5587,5.7166,1.3836,23.262,6.726,6.6602,106.2256,475.84
8/22/2019,1,1.108,1.2251,106.44,0.6757,0.6367,1.3303,0.9837,8.9808,9.6767,65.6178,7.0833,71.8163,5.7686,1.3855,23.2728,6.7289,6.6719,106.4167,475.83
8/23/2019,1,1.1144,1.2266,105.39,0.6756,0.6405,1.3283,0.9743,8.9335,9.5912,66.0112,7.0955,71.6637,5.7593,1.387,23.2309,6.6924,6.6356,106.133,475.93
8/26/2019,1,1.1102,1.2217,106.12,0.6775,0.6394,1.3254,0.9786,9.0025,9.674,66.0604,7.1512,72.0212,5.8235,1.3881,23.24,6.7169,6.6607,106.2377,476
8/27/2019,1,1.109,1.229,105.75,0.6752,0.6362,1.3283,0.9815,9.0106,9.6709,66.4427,7.1617,71.4812,5.8278,1.3893,23.2928,6.724,6.6745,106.2285,475.92
8/28/2019,1,1.1078,1.2212,106.12,0.6734,0.6337,1.3306,0.9818,9.0474,9.7247,66.7868,7.1652,71.7712,5.8151,1.3888,23.349,6.7309,6.6813,106.2895,476
8/29/2019,1,1.1057,1.2181,106.52,0.6728,0.6311,1.3287,0.9866,9.0965,9.7764,66.578,7.1445,71.7887,5.8382,1.3877,23.4169,6.7435,6.6939,106.4294,476
8/30/2019,1,1.0982,1.2156,106.28,0.6733,0.6328,1.3311,0.9904,9.1249,9.8404,66.7765,7.156,71.405,5.8324,1.3872,23.6283,6.7889,6.7414,106.9221,476.1
9/2/2019,1,1.097,1.2066,106.24,0.6716,0.6308,1.3326,0.9907,9.1006,9.8292,66.7895,7.172,71.405,5.8065,1.3907,23.6015,6.7965,6.7508,107.1929,476.18
9/3/2019,1,1.0974,1.2081,105.94,0.676,0.6337,1.3337,0.9871,9.1024,9.8211,66.7647,7.1789,72.3938,5.729,1.3905,23.5727,6.7948,6.7482,107.1164,476.33
9/4/2019,1,1.1035,1.2253,106.39,0.6797,0.6361,1.3224,0.9807,9.0326,9.7424,66.2222,7.146,72.12,5.6646,1.3844,23.4293,6.7591,6.7105,106.5826,476.65
9/5/2019,1,1.1035,1.2334,106.94,0.6815,0.6374,1.323,0.9858,9.0094,9.6887,66.2174,7.1492,71.84,5.6917,1.3838,23.4142,6.7608,6.7087,106.545,476.33
9/6/2019,1,1.1029,1.2283,106.92,0.6846,0.6421,1.3173,0.9875,8.9752,9.6462,65.7381,7.1164,71.725,5.7118,1.3814,23.4414,6.7662,6.7128,106.5676,476.34
9/9/2019,1,1.1048,1.2346,107.24,0.6862,0.6424,1.3168,0.9921,8.924,9.6581,65.5398,7.122,71.7063,5.7492,1.3797,23.4039,6.7517,6.6964,106.4559,476.6
9/10/2019,1,1.1043,1.235,107.54,0.6861,0.6426,1.3152,0.9921,8.9553,9.6839,65.4255,7.1126,71.7063,5.7693,1.3802,23.411,6.7555,6.6951,106.5124,476.25
9/11/2019,1,1.101,1.2326,107.82,0.6862,0.6413,1.3194,0.9929,8.9565,9.6736,65.4996,7.1158,71.665,5.7495,1.3795,23.5147,6.7759,6.7141,106.8185,476.33
9/12/2019,1,1.1065,1.2335,108.1,0.6866,0.6406,1.321,0.9904,8.9715,9.6232,64.7193,7.0793,71.1375,5.6579,1.3751,23.3522,6.7452,6.6833,106.3044,476.28
9/13/2019,1,1.1073,1.2501,108.09,0.6879,0.6377,1.3288,0.9904,8.987,9.6097,64.3461,7.0793,70.93,5.6873,1.3732,23.341,6.7432,6.6768,106.3153,476.18
9/16/2019,1,1.1001,1.2431,108.12,0.6865,0.6344,1.324,0.9928,8.9605,9.665,64.0352,7.0673,71.5963,5.7285,1.3755,23.5066,6.7873,6.7224,106.85,476.15
9/17/2019,1,1.1073,1.25,108.13,0.6866,0.6359,1.3244,0.9931,8.9227,9.6708,64.3766,7.0922,71.7825,5.7009,1.374,23.3992,6.7445,6.6802,106.2273,476.05
9/18/2019,1,1.103,1.2472,108.45,0.6828,0.6321,1.3289,0.9974,8.9455,9.7272,64.1885,7.086,71.2425,5.6768,1.3749,23.4617,6.7712,6.7076,106.6339,476
9/19/2019,1,1.1041,1.2526,108.02,0.6792,0.6302,1.326,0.9927,8.979,9.6974,63.9955,7.0965,71.3262,5.7187,1.3787,23.4568,6.7629,6.7028,106.498,476.26
9/20/2019,1,1.1017,1.2478,107.56,0.6766,0.6258,1.3263,0.9909,9.0621,9.7158,64.0123,7.0916,70.945,5.743,1.3766,23.4754,6.7789,6.7179,106.7435,476.13
9/23/2019,1,1.0993,1.2429,107.55,0.6773,0.6294,1.3263,0.9899,9.0453,9.7125,63.8412,7.118,70.935,5.7177,1.378,23.5422,6.7921,6.7375,106.8941,476.12
9/24/2019,1,1.102,1.2487,107.07,0.6801,0.6325,1.3243,0.9855,9.0063,9.6668,63.9941,7.1164,71.0188,5.6979,1.3758,23.4625,6.7744,6.7194,106.669,476
9/25/2019,1,1.0943,1.2353,107.77,0.6751,0.6272,1.3268,0.9918,9.0556,9.7552,64.1548,7.1315,71.04,5.6697,1.3787,23.545,6.822,6.768,107.3677,476.05
9/26/2019,1,1.0921,1.2328,107.83,0.6749,0.6298,1.3268,0.9936,9.0833,9.7655,64.2111,7.1326,70.8788,5.6672,1.3818,23.6619,6.8371,6.7824,107.6287,476.01
9/27/2019,1,1.094,1.2292,107.92,0.6764,0.6296,1.3247,0.9909,9.077,9.7943,64.6807,7.1228,70.5625,5.6726,1.3817,23.6198,6.8249,6.7723,107.4923,475.75
9/30/2019,1,1.0899,1.2289,108.08,0.675,0.6263,1.3241,0.9977,9.0967,9.8403,64.8601,7.1483,70.8675,5.6504,1.3819,23.6715,6.8508,6.7982,107.851,476
10/1/2019,1,1.0933,1.2302,107.75,0.6704,0.6245,1.3221,0.9935,9.1265,9.8784,65.2493,7.1483,71.0838,5.7231,1.3849,23.5799,6.829,6.7802,107.494,476
10/2/2019,1,1.0959,1.2303,107.18,0.6707,0.6269,1.3326,0.9969,9.1306,9.8722,65.2035,7.1483,71.0838,5.701,1.3842,23.5237,6.8124,6.7663,107.2233,476.15
10/3/2019,1,1.0965,1.2332,106.92,0.6742,0.6303,1.3337,0.9991,9.1239,9.8645,65.1272,7.1483,70.88,5.6948,1.3801,23.4501,6.8097,6.7641,107.1252,476.22
10/4/2019,1,1.0979,1.2331,106.94,0.6771,0.632,1.3314,0.9958,9.0957,9.84,64.6307,7.1483,70.8825,5.6989,1.3787,23.4265,6.8017,6.7597,107.0894,476.5
10/7/2019,1,1.0971,1.2293,107.26,0.6733,0.6289,1.3309,0.9948,9.1438,9.9163,64.9628,7.1483,71.0225,5.8324,1.381,23.4964,6.8082,6.7656,107.0607,476.52
10/8/2019,1,1.0957,1.2219,107.09,0.6728,0.6298,1.3325,0.9927,9.1642,9.9467,65.1953,7.1444,71.0225,5.8302,1.3825,23.5365,6.8169,6.7741,107.1356,476.5
10/9/2019,1,1.0971,1.2206,107.48,0.6725,0.6293,1.3333,0.9959,9.1755,9.9582,64.8918,7.1322,71.07,5.8702,1.3808,23.5264,6.8077,6.7691,107.0758,476.65
10/10/2019,1,1.1005,1.2443,107.98,0.6761,0.632,1.3291,0.997,9.125,9.8421,64.4532,7.1163,71.0712,5.8361,1.3757,23.4649,6.7855,6.749,106.7966,476.68
10/11/2019,1,1.1042,1.2668,108.29,0.6794,0.6337,1.3203,0.9974,9.0755,9.8031,64.2168,7.0883,71.0175,5.8833,1.3733,23.3833,6.7638,6.7283,106.4146,476
10/14/2019,1,1.1027,1.2608,108.4,0.6775,0.6299,1.3234,0.9973,9.1101,9.8204,64.2939,7.0675,71.2262,5.9276,1.3696,23.4238,6.7729,6.7396,106.5645,476.59
10/15/2019,1,1.1033,1.2787,108.86,0.6753,0.6294,1.3199,0.9988,9.1223,9.8106,64.2811,7.0817,71.5425,5.9158,1.3708,23.371,6.7714,6.739,106.5201,476.99
10/16/2019,1,1.1072,1.2832,108.76,0.6759,0.6292,1.3202,0.9953,9.1781,9.7772,64.0847,7.0933,71.4375,5.887,1.37,23.2648,6.7474,6.714,106.1656,477.25
10/17/2019,1,1.1125,1.2891,108.66,0.6824,0.6347,1.3137,0.988,9.185,9.7133,64.1328,7.0775,71.1687,5.8312,1.3645,23.104,6.7157,6.6901,105.7213,477.34
10/18/2019,1,1.1167,1.2984,108.45,0.6856,0.6382,1.3127,0.9854,9.1617,9.6509,63.7616,7.0817,71.1475,5.7896,1.3641,22.965,6.6894,6.6621,105.5654,477.04
10/21/2019,1,1.115,1.296,108.62,0.6868,0.6408,1.3089,0.9859,9.1369,9.6416,63.7243,7.076,71.1475,5.8579,1.361,22.9457,6.7004,6.6704,105.5513,477.06
10/22/2019,1,1.1125,1.2872,108.49,0.6855,0.6405,1.3095,0.9895,9.1486,9.6501,63.7223,7.0769,70.9413,5.8083,1.3627,22.9745,6.7153,6.6881,105.7084,476
10/23/2019,1,1.113,1.2912,108.69,0.6853,0.6423,1.3072,0.9906,9.1222,9.6402,63.9422,7.065,70.9037,5.7354,1.3623,23,6.7119,6.6853,105.7383,476.48
10/24/2019,1,1.1104,1.2851,108.61,0.6819,0.6384,1.3071,0.9921,9.1381,9.6569,64.0717,7.069,71.0225,5.7645,1.3636,23.0572,6.7274,6.7112,105.8156,475.98
10/25/2019,1,1.108,1.2827,108.67,0.6823,0.6349,1.3058,0.9947,9.1957,9.6841,63.8659,7.0654,70.8887,5.7738,1.3632,23.0655,6.7416,6.7258,106.11,476.15
10/28/2019,1,1.11,1.2863,108.95,0.6838,0.635,1.3055,0.9946,9.222,9.7042,63.7466,7.0683,70.8887,5.7314,1.3622,22.9915,6.7308,6.7151,105.8021,476.03
10/29/2019,1,1.1112,1.2862,108.89,0.6865,0.6356,1.3087,0.994,9.2273,9.7008,63.9527,7.0658,70.8412,5.7373,1.3623,22.9866,6.7231,6.7104,105.7311,476.03
10/30/2019,1,1.1151,1.2902,108.85,0.6903,0.6389,1.3159,0.9894,9.181,9.6581,63.8142,7.0553,70.895,5.7011,1.3621,22.882,6.7004,6.6939,105.5706,476.19
10/31/2019,1,1.1152,1.2942,108.03,0.6894,0.6413,1.3164,0.9864,9.1923,9.652,64.1375,7.0391,70.9275,5.7136,1.3603,22.8768,6.6994,6.685,105.3935,476.25
11/1/2019,1,1.1166,1.2946,108.19,0.6904,0.6427,1.3142,0.9857,9.0838,9.5609,63.5235,7.037,70.8063,5.7127,1.3577,22.8445,6.6916,6.6768,105.3068,476.22
11/4/2019,1,1.1128,1.2884,108.58,0.6884,0.6402,1.3151,0.9879,9.1447,9.6225,63.5235,7.0304,70.7637,5.7384,1.359,22.9523,6.7141,6.6925,105.4919,476.55
11/5/2019,1,1.1075,1.2884,109.16,0.6893,0.6375,1.3157,0.9929,9.1739,9.6525,63.505,7.0097,70.69,5.7535,1.3583,23.0304,6.7473,6.7185,105.9406,477.5
11/6/2019,1,1.1066,1.2855,108.98,0.6884,0.6369,1.3181,0.9928,9.1712,9.6252,63.8799,6.9981,70.9925,5.7498,1.3594,23.0717,6.7515,6.7188,105.9489,477.75
11/7/2019,1,1.105,1.2817,109.28,0.6898,0.6366,1.3174,0.9951,9.11,9.6272,63.5164,6.9784,70.965,5.7526,1.3576,23.0875,6.7627,6.7235,106.2168,477.75
11/8/2019,1,1.1018,1.2774,109.26,0.6863,0.6328,1.3228,0.9974,9.1319,9.7003,63.8064,6.9959,71.285,5.7662,1.359,23.1258,6.7818,6.7449,106.3083,477.75
11/11/2019,1,1.1033,1.2855,109.05,0.6851,0.6361,1.3233,0.9934,9.1329,9.6967,63.8842,7.0103,71.4675,5.7715,1.3608,23.1165,6.7722,6.7421,106.3692,478
11/12/2019,1,1.1009,1.2845,109.01,0.6841,0.6331,1.3233,0.9931,9.1649,9.7206,64.235,7.0079,71.4675,5.7769,1.3619,23.1944,6.7871,6.765,106.5927,478
11/13/2019,1,1.1007,1.2851,108.82,0.6838,0.6411,1.3251,0.9901,9.1842,9.7309,64.3361,7.0234,72.0875,5.7396,1.3628,23.2321,6.7892,6.7583,106.7131,477.45
11/14/2019,1,1.1022,1.2882,108.42,0.6786,0.6381,1.3248,0.988,9.1627,9.682,63.9812,7.0208,71.9688,5.748,1.362,23.2011,6.7791,6.7492,106.58,478
11/15/2019,1,1.1051,1.2897,108.8,0.6817,0.6404,1.3223,0.99,9.0922,9.6461,63.761,7.0081,71.7875,5.7477,1.3605,23.1709,6.7617,6.7297,106.4731,478.25
11/18/2019,1,1.1072,1.2953,108.68,0.6811,0.6398,1.3206,0.9896,9.1164,9.6349,63.8297,7.0261,71.845,5.7357,1.3605,23.1015,6.7489,6.7211,106.1534,477.75
11/19/2019,1,1.1078,1.2926,108.54,0.6828,0.6431,1.3268,0.9905,9.1234,9.6314,63.8217,7.0276,71.715,5.699,1.3609,23.072,6.745,6.718,106.1629,477.5
11/20/2019,1,1.1073,1.2924,108.61,0.6803,0.6417,1.3304,0.9909,9.135,9.6325,63.8906,7.0354,71.815,5.6998,1.3622,23.047,6.7491,6.7189,106.2159,477.5
11/21/2019,1,1.1059,1.2914,108.63,0.6787,0.6403,1.3285,0.9931,9.1456,9.6261,63.7078,7.0289,71.7637,5.697,1.3631,23.0979,6.7572,6.7253,106.3105,477.5
11/22/2019,1,1.1021,1.2834,108.66,0.6786,0.641,1.3302,0.9976,9.1568,9.6341,63.8605,7.0383,71.715,5.713,1.3642,23.1253,6.7808,6.7443,106.5568,477.16
11/25/2019,1,1.1014,1.29,108.93,0.6779,0.6418,1.3299,0.9965,9.1779,9.6377,63.9515,7.0364,71.7312,5.7418,1.3648,23.1498,6.7837,6.7512,106.6588,477.5
11/26/2019,1,1.1021,1.2866,109.05,0.6788,0.6428,1.3272,0.997,9.1691,9.5898,63.9585,7.0336,71.4925,5.7593,1.3641,23.1455,6.7795,6.745,106.6345,477.5
11/27/2019,1,1.0999,1.2921,109.54,0.6776,0.6419,1.3282,0.9993,9.1609,9.5803,63.9694,7.029,71.35,5.7745,1.3652,23.2024,6.7927,6.7624,106.8248,477.25
11/28/2019,1,1.1009,1.2912,109.51,0.677,0.642,1.3282,0.9986,9.1696,9.5587,64.0698,7.0353,71.6188,5.7572,1.3659,23.2097,6.7862,6.7567,106.8059,478
11/29/2019,1,1.1018,1.2925,109.49,0.6763,0.6422,1.3282,1.0002,9.2248,9.575,64.319,7.0324,71.7375,5.7504,1.3677,23.1858,6.7811,6.7506,106.5625,478
12/2/2019,1,1.1079,1.2939,108.98,0.6819,0.6503,1.3308,0.9913,9.1645,9.5417,64.1732,7.0393,71.6625,5.741,1.3661,23.059,6.7441,6.7136,106.1508,478
12/3/2019,1,1.1082,1.2995,108.63,0.6847,0.652,1.3296,0.9871,9.1853,9.5308,64.1551,7.0613,71.6712,5.7421,1.3644,23.0312,6.7422,6.7122,106.1154,478
12/4/2019,1,1.1078,1.3104,108.86,0.6849,0.6529,1.3201,0.9885,9.1736,9.5128,63.9398,7.0499,71.5275,5.749,1.3633,23.06,6.7446,6.7148,106.1352,478.25
12/5/2019,1,1.1104,1.3157,108.76,0.6834,0.6544,1.3174,0.9872,9.1378,9.4892,63.7332,7.0448,71.29,5.7486,1.3607,23.0071,6.7288,6.6982,105.955,478.25
12/6/2019,1,1.106,1.314,108.58,0.6841,0.6566,1.3255,0.9909,9.1296,9.4988,63.7443,7.035,71.2,5.7758,1.3606,23.0998,6.7554,6.7258,106.298,478.25
12/9/2019,1,1.1064,1.3147,108.56,0.6823,0.6549,1.3239,0.9881,9.1442,9.5344,63.5771,7.0392,71.045,5.8094,1.3594,23.0731,6.754,6.723,106.2576,478.25
12/10/2019,1,1.1092,1.3156,108.72,0.6809,0.6545,1.323,0.9844,9.1774,9.4988,63.5062,7.0342,70.925,5.8054,1.3584,23.019,6.7372,6.7054,105.99,478
12/11/2019,1,1.113,1.3196,108.56,0.6876,0.6586,1.3174,0.9833,9.1117,9.4005,63.2793,7.0388,70.84,5.8035,1.3573,22.925,6.7151,6.6832,105.623,478
12/12/2019,1,1.113,1.3161,109.31,0.6909,0.6597,1.3185,0.985,9.0778,9.3948,62.8451,6.9849,70.835,5.7914,1.3544,22.921,6.7139,6.6828,105.6384,478
12/13/2019,1,1.1121,1.3331,109.38,0.6876,0.6599,1.3166,0.9842,9.0319,9.3981,62.883,6.9763,70.8138,5.8061,1.3533,22.9081,6.7197,6.689,105.7451,478
12/16/2019,1,1.1144,1.3332,109.55,0.6885,0.6597,1.3155,0.9824,9.01,9.3619,62.446,6.9935,71.0038,5.8496,1.3545,22.832,6.7061,6.679,105.502,477.75
12/17/2019,1,1.115,1.3131,109.48,0.6851,0.6576,1.316,0.9809,9.021,9.3807,62.4034,6.9972,70.9738,5.8864,1.355,22.809,6.702,6.6771,105.4512,478
12/18/2019,1,1.1114,1.3078,109.55,0.6853,0.6589,1.3115,0.9804,9.0105,9.4229,62.6623,7.005,70.9713,5.9269,1.3553,22.931,6.7235,6.7041,105.7469,478.25
12/19/2019,1,1.1122,1.3009,109.37,0.6886,0.6607,1.3125,0.9785,8.9753,9.4113,62.4224,7.0104,71.035,5.9417,1.3552,22.8493,6.7186,6.6895,105.6181,478.25
12/20/2019,1,1.1079,1.2999,109.44,0.69,0.6599,1.3161,0.9828,8.9726,9.4034,62.2733,7.0066,71.12,5.938,1.3552,22.9638,6.7441,6.7157,106.0873,477.75
12/23/2019,1,1.1089,1.2936,109.4,0.6922,0.6637,1.3148,0.9819,8.9564,9.4313,62.2829,7.0128,71.1837,5.9488,1.3558,22.9838,6.736,6.7137,105.9604,478.15
12/24/2019,1,1.1089,1.2944,109.39,0.6922,0.6636,1.3165,0.9803,8.9098,9.423,61.9589,7.0073,71.27,5.9498,1.3557,22.9892,6.7378,6.7126,105.95,478.48
12/25/2019,1,1.1093,1.2961,109.38,0.692,0.6633,1.316,0.9804,8.9139,9.4277,61.8474,6.9894,71.27,5.9399,1.3551,22.961,6.7365,6.7144,105.9417,479.5
12/26/2019,1,1.1098,1.2993,109.63,0.6945,0.6669,1.3122,0.9811,8.8826,9.4125,62.2125,6.9965,71.3138,5.9324,1.3543,22.9657,6.7321,6.7122,105.8562,479.5
12/27/2019,1,1.1177,1.3078,109.44,0.698,0.6699,1.3079,0.975,8.8148,9.3366,62.0357,6.9957,71.3525,5.9494,1.3523,22.7716,6.6836,6.6619,105.172,479
12/30/2019,1,1.1199,1.3113,108.88,0.6994,0.6728,1.3069,0.9694,8.815,9.3488,61.9893,6.9868,71.3138,5.9478,1.3486,22.6833,6.6714,6.6518,105.0327,479
12/31/2019,1,1.1213,1.3257,108.61,0.7021,0.674,1.299,0.9666,8.7855,9.365,61.9893,6.9632,71.3788,5.9511,1.3459,22.6945,6.6627,6.6342,104.9805,479
1/1/2020,1,1.1212,1.3254,108.76,0.7017,0.6724,1.2987,0.967,8.7806,9.3648,61.9893,6.9632,71.2275,5.9466,1.3449,22.6867,6.6635,6.6342,104.8697,479
1/2/2020,1,1.1172,1.3145,108.57,0.6993,0.6702,1.2981,0.9715,8.7953,9.3633,61.9893,6.9643,71.3775,5.9574,1.3471,22.6864,6.6886,6.6635,105.1673,479
1/3/2020,1,1.1161,1.3083,108.09,0.695,0.6664,1.3001,0.9729,8.8343,9.3994,62.0975,6.966,71.7988,5.9716,1.3493,22.7105,6.6966,6.6718,105.3747,479.01
1/6/2020,1,1.1197,1.3171,108.37,0.694,0.6675,1.2965,0.9684,8.7933,9.4015,61.8216,6.976,71.9375,5.9692,1.3493,22.5455,6.6744,6.6579,105.137,478.75
1/7/2020,1,1.1153,1.3126,108.44,0.687,0.6643,1.3004,0.9702,8.8513,9.4548,61.8216,6.9453,71.8275,5.9724,1.3497,22.6272,6.7002,6.6793,105.4831,478.75
1/8/2020,1,1.1105,1.3097,109.12,0.6866,0.6647,1.3039,0.9739,8.8659,9.4608,61.2372,6.9462,71.7063,5.9082,1.3511,22.7104,6.7289,6.7084,105.84,478.75
1/9/2020,1,1.1106,1.3067,109.52,0.6858,0.6616,1.3056,0.9732,8.8884,9.4916,61.2934,6.9318,71.2137,5.8745,1.3517,22.7301,6.7292,6.704,105.9001,478.75
1/10/2020,1,1.1121,1.3064,109.45,0.6901,0.6631,1.305,0.9726,8.8872,9.5009,61.061,6.9193,70.9388,5.8808,1.3484,22.7307,6.7198,6.6892,105.7582,479.25
1/13/2020,1,1.1134,1.2989,109.95,0.6904,0.6631,1.3057,0.9707,8.8972,9.466,61.2825,6.8932,70.8575,5.8675,1.3466,22.639,6.7118,6.6869,105.6648,478.75
1/14/2020,1,1.1128,1.3019,109.99,0.6902,0.6615,1.3062,0.9674,8.874,9.4634,61.4448,6.8842,70.8763,5.8815,1.3468,22.6195,6.7146,6.6922,105.655,479.75
1/15/2020,1,1.115,1.3038,109.9,0.6902,0.6618,1.3042,0.9641,8.8629,9.4645,61.4362,6.8909,70.8212,5.8751,1.3461,22.5008,6.7021,6.6771,105.399,479
1/16/2020,1,1.1137,1.308,110.16,0.6898,0.6638,1.3042,0.9647,8.8866,9.4888,61.6586,6.8789,70.9337,5.8595,1.3472,22.5933,6.71,6.6825,105.5559,479.55
1/17/2020,1,1.1092,1.3016,110.14,0.6879,0.6615,1.3066,0.9679,8.9124,9.5178,61.5704,6.8597,71.0825,5.8862,1.3473,22.6857,6.7379,6.7088,105.8576,479.41
1/20/2020,1,1.1095,1.301,110.18,0.6873,0.6608,1.3048,0.9684,8.9275,9.5184,61.5285,6.8668,71.11,5.9156,1.3467,22.618,6.7347,6.7019,105.9937,479.04
1/21/2020,1,1.1082,1.305,109.87,0.6845,0.6597,1.307,0.9687,8.9944,9.5256,61.8897,6.9058,71.2088,5.938,1.3499,22.6465,6.7429,6.7115,106.1166,478.51
1/22/2020,1,1.1093,1.3142,109.84,0.6844,0.6593,1.3135,0.9678,8.984,9.5058,61.8455,6.9066,71.195,5.9249,1.3488,22.6613,6.7367,6.7049,105.9989,478.39
1/23/2020,1,1.1055,1.3123,109.49,0.6847,0.6617,1.3127,0.9689,8.9954,9.5324,61.9049,6.9426,71.2738,5.9345,1.3512,22.7625,6.7596,6.7337,106.3038,479
1/24/2020,1,1.1025,1.3073,109.28,0.6832,0.6607,1.3143,0.9716,9.0494,9.5684,62.0805,6.9426,71.3325,5.939,1.351,22.8556,6.7782,6.7503,106.6013,478.7
1/27/2020,1,1.1019,1.3057,108.9,0.6761,0.6548,1.3194,0.9696,9.1432,9.6239,62.979,6.9426,71.4413,5.9438,1.3577,22.9225,6.7818,6.7539,106.4983,478.7
1/28/2020,1,1.1022,1.3028,109.15,0.6762,0.6546,1.3155,0.9731,9.1127,9.6088,62.2781,6.9426,71.34,5.9408,1.3578,22.8874,6.7799,6.7497,106.6326,478.7
1/29/2020,1,1.101,1.3021,109.02,0.6754,0.6527,1.3199,0.9732,9.1624,9.6199,62.5476,6.9426,71.2525,5.9594,1.3606,22.932,6.7871,6.7582,106.825,478.5
1/30/2020,1,1.1032,1.3093,108.96,0.6722,0.6488,1.3209,0.9695,9.181,9.6358,63.2708,6.9426,71.4888,5.9696,1.3623,22.8885,6.7739,6.7454,106.6073,478.51
1/31/2020,1,1.1093,1.3206,108.35,0.6692,0.6464,1.3237,0.9634,9.2011,9.6248,63.9238,6.9426,71.3525,5.9829,1.3648,22.7515,6.7369,6.7107,106.0844,478.31
2/3/2020,1,1.106,1.2995,108.69,0.6692,0.6462,1.3286,0.9659,9.2759,9.6492,63.7066,7.0215,71.3475,5.985,1.3686,22.7895,6.7568,6.7319,106.3212,478.51
2/4/2020,1,1.1044,1.3031,109.52,0.6739,0.649,1.3277,0.9692,9.2107,9.589,63.116,6.9985,71.2725,5.9805,1.3704,22.7243,6.7662,6.7471,106.5126,478.49
2/5/2020,1,1.0999,1.3002,109.83,0.6746,0.6474,1.3282,0.9735,9.2104,9.5881,62.8794,6.9714,71.215,5.9827,1.3813,22.7934,6.794,6.7794,106.925,478.25
2/6/2020,1,1.0983,1.2931,109.99,0.673,0.6458,1.3284,0.9748,9.2185,9.623,63.3538,6.9707,71.1962,5.9878,1.3857,22.7476,6.8038,6.7875,107.045,479.05
2/7/2020,1,1.0946,1.2892,109.75,0.6673,0.64,1.3308,0.9777,9.305,9.659,64.1154,7.0025,71.4075,6.0146,1.3895,22.8744,6.8259,6.811,107.513,478.98
2/10/2020,1,1.0911,1.2915,109.77,0.6687,0.6384,1.3317,0.9773,9.2888,9.6618,64.1262,6.9844,71.2912,6.0114,1.3895,22.943,6.8484,6.8319,107.7,479.33
2/11/2020,1,1.0916,1.2952,109.79,0.6714,0.6406,1.3286,0.9759,9.25,9.6379,63.3777,6.9653,71.285,6.0153,1.3864,22.842,6.8452,6.8321,107.525,479.42
2/12/2020,1,1.0874,1.296,110.09,0.6737,0.6467,1.325,0.9782,9.2284,9.634,63.216,6.9714,71.3512,6.0445,1.3865,22.845,6.872,6.8582,108.12,479.45
2/13/2020,1,1.0841,1.3046,109.82,0.6719,0.6437,1.3267,0.9793,9.2507,9.6737,63.6488,6.977,71.33,6.0396,1.3894,22.9429,6.8922,6.8754,108.3843,479.5
2/14/2020,1,1.0831,1.3047,109.78,0.6714,0.6438,1.3252,0.9823,9.2488,9.7231,63.554,6.9872,71.3675,6.0587,1.3923,22.9495,6.8971,6.8784,108.5451,479.19
2/17/2020,1,1.0836,1.3008,109.88,0.6714,0.6436,1.3235,0.9808,9.2567,9.69,63.4645,6.9813,71.2913,6.0449,1.3893,22.918,6.8946,6.8705,108.4502,479.25
2/18/2020,1,1.0792,1.2998,109.87,0.6686,0.6386,1.326,0.9832,9.3299,9.7861,63.8298,6.9967,71.5625,6.0639,1.3926,23.1212,6.9215,6.8984,108.9416,478.94
2/19/2020,1,1.0805,1.292,111.37,0.6675,0.6386,1.3221,0.9841,9.2716,9.7864,63.5825,6.9983,71.5625,6.0832,1.3946,23.097,6.912,6.8924,108.8092,478.65
2/20/2020,1,1.0785,1.2882,112.1,0.6615,0.6333,1.3259,0.9841,9.3187,9.8155,64.1952,7.0238,71.6425,6.0963,1.401,23.2336,6.9241,6.9073,109.0016,478.04
2/21/2020,1,1.0847,1.2964,111.61,0.6627,0.6349,1.3225,0.9782,9.2793,9.7178,64.0583,7.0278,71.6425,6.0953,1.3978,23.0998,6.8869,6.8684,108.3636,478.5
2/24/2020,1,1.0854,1.2924,110.72,0.6605,0.634,1.3293,0.9791,9.3573,9.7334,64.0583,7.0304,72,6.1178,1.3998,23.2673,6.8834,6.8772,108.3571,478.65
2/25/2020,1,1.0882,1.3005,110.2,0.6604,0.6321,1.3279,0.9761,9.3616,9.7152,65.3761,7.0135,71.8875,6.1439,1.3988,23.2072,6.8654,6.8517,108.0595,478.72
2/26/2020,1,1.0881,1.2905,110.43,0.6544,0.6293,1.3333,0.9768,9.3989,9.735,65.4728,7.0229,71.6625,6.1581,1.3977,23.2893,6.8658,6.857,108.0249,478.75
2/27/2020,1,1.1001,1.2887,109.59,0.6569,0.6307,1.3391,0.9677,9.3943,9.6586,66.0195,7.0044,71.565,6.209,1.3952,23.007,6.7927,6.7825,106.8492,478.75
2/28/2020,1,1.1026,1.2823,107.89,0.6515,0.6246,1.3407,0.9649,9.3939,9.605,66.8886,6.992,72.1763,6.2469,1.3932,23.087,6.7773,6.7749,106.8473,479
3/2/2020,1,1.1134,1.2754,108.33,0.6537,0.6261,1.3328,0.9593,9.2919,9.5383,66.4258,6.9609,72.735,6.1795,1.3905,22.9131,6.7122,6.7203,105.5513,478.82
3/3/2020,1,1.1173,1.2811,107.13,0.6584,0.6275,1.338,0.9564,9.2767,9.4738,66.0546,6.9676,73.31,6.108,1.3883,22.722,6.6885,6.6993,105.24,478.75
3/4/2020,1,1.1136,1.2872,107.53,0.6627,0.6298,1.3385,0.9566,9.256,9.4782,66.2625,6.9245,73.225,6.0772,1.3846,22.707,6.7102,6.7214,105.525,479
3/5/2020,1,1.1237,1.2954,106.16,0.6614,0.6302,1.3411,0.9456,9.2833,9.4335,67.6331,6.9361,73.3138,6.1095,1.383,22.5895,6.6466,6.6681,104.6356,479.06
3/6/2020,1,1.1284,1.3048,105.39,0.6636,0.635,1.3418,0.9383,9.2604,9.3993,68.566,6.9314,73.7875,6.0916,1.3785,22.5008,6.6202,6.6579,104.4153,479.75
3/9/2020,1,1.145,1.3117,102.36,0.6587,0.6337,1.3702,0.9252,9.5695,9.4345,68.566,6.9466,74.085,6.1467,1.3846,22.333,6.5209,6.5718,102.9072,481.81
3/10/2020,1,1.1281,1.2911,105.64,0.6505,0.627,1.3727,0.94,9.5942,9.5206,71.3666,6.9581,74.085,6.1574,1.3915,22.7335,6.6247,6.6894,104.3997,481.93
3/11/2020,1,1.127,1.282,104.54,0.6484,0.6269,1.3779,0.9385,9.692,9.5219,72.9247,6.9606,73.6413,6.2099,1.3951,22.888,6.6301,6.7215,104.4583,483.15
3/12/2020,1,1.1185,1.2571,104.64,0.6236,0.609,1.3925,0.9438,10.1668,9.7546,74.865,7.0294,74.2175,6.3169,1.4094,23.4195,6.6811,6.7968,105.2608,484.03
3/13/2020,1,1.1107,1.2278,107.62,0.6203,0.6054,1.3806,0.9517,10.0778,9.7097,72.6275,7.0086,73.9037,6.3331,1.415,23.6225,6.7274,6.8165,105.8927,483.5
3/16/2020,1,1.1183,1.2271,105.83,0.6117,0.6045,1.4016,0.947,10.2781,9.7717,74.6588,6.9934,74.2725,6.4311,1.4209,24.4905,6.6821,6.7775,105.3995,490.63
3/17/2020,1,1.0997,1.2055,107.7,0.6,0.5946,1.4202,0.9613,10.4996,9.8833,75.4492,7.0057,74.2125,6.3974,1.4292,24.6704,6.7951,6.8939,106.9139,489.38
3/18/2020,1,1.0915,1.1608,108.08,0.5773,0.574,1.4504,0.9683,11.2897,10.2647,80.9292,7.0475,74.2663,6.4819,1.4445,25.4673,6.8471,6.965,107.7537,489.68
3/19/2020,1,1.0692,1.1485,110.71,0.5743,0.5711,1.4511,0.986,11.2472,10.4167,79.1655,7.1086,75.03,6.5434,1.4509,25.982,6.9889,7.1186,109.945,490.81
3/20/2020,1,1.0688,1.1629,110.93,0.5785,0.57,1.4366,0.9869,11.7051,10.3899,79.9771,7.096,75.195,6.5508,1.4506,25.5328,6.9899,7.1207,109.8391,492.9
3/23/2020,1,1.0726,1.1542,111.23,0.5838,0.572,1.4494,0.9848,11.5817,10.3491,79.5681,7.0886,76.275,6.5618,1.461,25.9096,6.9634,7.091,109.5222,493.7
3/24/2020,1,1.0788,1.1762,111.23,0.5958,0.5828,1.4462,0.9815,11.1202,10.1377,78.2953,7.0631,76.0762,6.4191,1.4463,25.69,6.921,7.0538,108.9283,493.92
3/25/2020,1,1.0882,1.1878,111.21,0.5959,0.5851,1.4191,0.9773,10.7297,10.1127,78.2065,7.1148,76.0762,6.4171,1.4474,25.2431,6.8634,6.9922,107.9995,494.25
3/26/2020,1,1.1032,1.2203,109.58,0.6063,0.5962,1.402,0.962,10.4104,9.9755,77.4439,7.0747,75.155,6.3983,1.4312,24.6309,6.766,6.9003,106.495,496
3/27/2020,1,1.1141,1.246,107.94,0.6168,0.6035,1.3985,0.9517,10.486,9.8893,78.8055,7.096,74.92,6.4542,1.4268,24.556,6.7008,6.8321,105.4809,497.81
3/30/2020,1,1.1048,1.2414,107.76,0.6174,0.6011,1.4166,0.9583,10.5466,10.0339,79.33,7.1003,75.4163,6.5739,1.4248,24.762,6.7595,6.9034,106.3954,499.47
3/31/2020,1,1.1031,1.242,107.54,0.6131,0.5956,1.4062,0.9611,10.4028,9.9052,78.4207,7.0825,75.5425,6.6152,1.422,24.8,6.7679,6.9112,106.5146,500.44
4/1/2020,1,1.0964,1.2371,107.17,0.6071,0.5912,1.4191,0.966,10.4551,10.0119,78.7365,7.1,75.5425,6.7026,1.4361,25.076,6.8081,6.9567,107.18,503.13
4/2/2020,1,1.0858,1.2396,107.91,0.6061,0.5916,1.4138,0.974,10.3897,10.0999,77.2354,7.0858,75.5425,6.6058,1.4312,25.3543,6.8772,7.0261,108.2548,502.1
4/3/2020,1,1.0801,1.2269,108.55,0.5997,0.5869,1.4205,0.9773,10.6091,10.1947,76.4939,7.0913,76.1732,6.7309,1.4393,25.7085,6.9099,7.0533,108.7789,501.39
4/6/2020,1,1.0793,1.2231,109.22,0.6088,0.5933,1.4111,0.9788,10.428,10.1258,76.0205,7.0913,76.1732,6.7789,1.4325,25.5535,6.9174,7.0655,108.9074,500.19
4/7/2020,1,1.0892,1.2332,108.76,0.617,0.5977,1.3993,0.9694,10.2837,10.0478,75.5284,7.0457,75.625,6.7645,1.4233,24.926,6.8542,7.0052,107.96,499.85
4/8/2020,1,1.0858,1.2383,108.83,0.623,0.6012,1.4013,0.9718,10.3049,10.0758,74.948,7.0658,76.3062,6.774,1.4258,25.0225,6.8742,7.0223,108.245,495.94
4/9/2020,1,1.093,1.2458,108.49,0.634,0.6081,1.3976,0.9661,10.2358,9.9497,74.299,7.0429,76.2713,6.6731,1.4171,24.7109,6.8288,6.97,107.5268,494.56
4/10/2020,1,1.0937,1.2455,108.47,0.6349,0.6078,1.3956,0.9662,10.2023,9.9407,73.7511,7.036,76.2713,6.7044,1.4129,24.6495,6.8249,6.9607,107.4392,488.31
4/13/2020,1,1.0914,1.2515,107.77,0.6382,0.6088,1.3904,0.9674,10.3165,10.0117,73.6037,7.0516,76.275,6.7701,1.4155,24.6239,6.8401,6.9747,107.7276,488.31
4/14/2020,1,1.098,1.2623,107.22,0.6442,0.6106,1.3883,0.96,10.308,9.9509,73.0074,7.0512,76.275,6.8166,1.4139,24.4441,6.7963,6.9319,107.0362,485.54
4/15/2020,1,1.091,1.2518,107.46,0.6319,0.5991,1.4115,0.9646,10.5083,10.0324,74.8282,7.0676,76.4463,6.9123,1.4236,24.729,6.8395,6.9743,107.742,485.81
4/16/2020,1,1.084,1.2457,107.92,0.6327,0.5968,1.4082,0.9703,10.4558,10.031,74.1739,7.0814,76.7937,6.9387,1.4279,25.0699,6.8832,7.0119,108.449,485.04
4/17/2020,1,1.0875,1.2499,107.54,0.6366,0.6035,1.4001,0.9666,10.3271,9.9844,73.9728,7.0737,76.3825,6.9294,1.4231,25.052,6.8614,6.9473,108.13,482.56
4/20/2020,1,1.0862,1.2442,107.62,0.6336,0.6037,1.4149,0.968,10.4539,10.0234,75.5279,7.0734,76.55,6.9403,1.421,25.2403,6.8648,6.9503,108.1025,482.37
4/21/2020,1,1.0858,1.2289,107.8,0.628,0.5958,1.4211,0.9698,10.6509,10.0979,77.0707,7.092,76.835,6.9809,1.4318,25.3051,6.8673,6.9715,108.3569,480.43
4/22/2020,1,1.0823,1.2334,107.75,0.6323,0.5951,1.4161,0.9713,10.7676,10.0948,75.9259,7.0841,76.6637,6.9821,1.4274,25.5202,6.8908,6.994,108.7,480.16
4/23/2020,1,1.0777,1.2344,107.6,0.637,0.6008,1.4073,0.976,10.6378,10.0666,74.7901,7.0667,76.0713,6.9462,1.4237,25.5248,6.9192,7.0251,109.15,480.18
4/24/2020,1,1.0823,1.2367,107.51,0.6371,0.6017,1.4103,0.973,10.6226,10.0438,74.5665,7.0819,76.4525,6.9727,1.4242,25.1188,6.8914,6.9787,108.7019,479.82
4/27/2020,1,1.0829,1.2431,107.25,0.6465,0.6047,1.4034,0.9752,10.5113,10.0154,74.4785,7.0873,76.235,6.9861,1.4187,25.1975,6.8858,6.9749,108.6318,479.58
4/28/2020,1,1.082,1.2426,106.87,0.6491,0.6056,1.3998,0.9752,10.4045,9.8995,74.1235,7.0796,76.1888,6.9868,1.4172,25.1217,6.891,6.9864,108.72,480.05
4/29/2020,1,1.0873,1.2469,106.68,0.6557,0.6133,1.3881,0.9737,10.3222,9.8465,73.0223,7.0768,75.6725,6.952,1.412,24.9277,6.8602,6.9644,108.1829,479.25
4/30/2020,1,1.0955,1.2594,107.18,0.6512,0.6127,1.3945,0.9653,10.2421,9.7579,74.3924,7.0633,75.1,6.9867,1.4099,24.7479,6.8117,6.9156,107.3112,479.38
5/1/2020,1,1.0981,1.2506,106.91,0.6418,0.6063,1.4089,0.9614,10.2987,9.8482,74.3924,7.0633,75.1,7.0122,1.4155,24.8077,6.7949,6.9217,107.0854,479.38
5/4/2020,1,1.0907,1.2443,106.74,0.6428,0.6048,1.4087,0.965,10.3267,9.8529,74.8091,7.0633,75.7262,7.0453,1.4168,24.8152,6.8385,6.9498,107.7831,480.2
5/5/2020,1,1.084,1.2435,106.57,0.6431,0.6052,1.4049,0.9727,10.2619,9.8418,73.768,7.0633,75.64,7.0739,1.4156,24.939,6.8843,6.9873,108.4828,480.08
5/6/2020,1,1.0795,1.235,106.12,0.64,0.6008,1.4146,0.9749,10.436,9.847,74.5508,7.1046,75.765,7.1914,1.4206,25.1235,6.9113,7.011,108.928,481.23
5/7/2020,1,1.0834,1.2362,106.28,0.6495,0.6087,1.3973,0.9731,10.2468,9.8106,74.1109,7.0842,75.765,7.1167,1.4148,25.1407,6.8864,6.9845,108.5253,481.78
5/8/2020,1,1.0839,1.241,106.65,0.6532,0.6136,1.3927,0.9713,10.2212,9.7697,73.4216,7.0742,75.5513,7.0875,1.4129,25.1073,6.8803,6.9711,108.4753,484
5/11/2020,1,1.0807,1.2335,107.66,0.6489,0.608,1.4007,0.973,10.3083,9.8776,73.4216,7.0987,75.7337,7.073,1.4171,25.4557,6.9016,6.9979,108.7863,485.25
5/12/2020,1,1.0848,1.226,107.14,0.6471,0.6078,1.4078,0.9695,10.1751,9.7799,73.7282,7.0835,75.5063,6.9971,1.4178,25.3077,6.8746,6.9747,108.4032,487.49
5/13/2020,1,1.0818,1.2232,107.03,0.6455,0.5991,1.4101,0.9721,10.1657,9.8131,73.9321,7.0926,75.4563,6.9743,1.42,25.389,6.8933,6.9991,108.7,486.89
5/14/2020,1,1.0805,1.223,107.25,0.6462,0.6003,1.405,0.9731,10.1529,9.8034,73.4767,7.0957,75.565,6.9218,1.4235,25.5405,6.9009,7.0087,108.825,487
5/15/2020,1,1.082,1.2116,107.06,0.6413,0.5935,1.4109,0.9715,10.2358,9.8652,73.6005,7.1019,75.5788,6.9013,1.4268,25.6359,6.8895,6.9889,108.618,487
5/18/2020,1,1.0913,1.2194,107.34,0.6524,0.6041,1.3937,0.9712,10.0285,9.7058,72.6782,7.1096,75.9137,6.8843,1.4183,25.3265,6.832,6.9247,107.7765,485.5
5/19/2020,1,1.0923,1.2253,107.71,0.6537,0.6076,1.3944,0.9713,9.9844,9.6844,72.5076,7.099,75.64,6.7773,1.4167,25.1725,6.826,6.9355,107.6839,483.95
5/20/2020,1,1.098,1.2245,107.53,0.6597,0.6145,1.3901,0.9651,9.9059,9.5891,71.1055,7.0935,75.7975,6.7907,1.413,24.8788,6.7902,6.9001,107.158,482.31
5/21/2020,1,1.095,1.2223,107.61,0.6565,0.6114,1.3955,0.9705,9.9422,9.6177,70.979,7.1158,75.615,6.7947,1.4175,24.7556,6.8106,6.9236,107.4108,480.48
5/22/2020,1,1.0901,1.2173,107.64,0.6537,0.6094,1.3996,0.9712,10.0001,9.6721,71.6236,7.1364,75.9638,6.8138,1.4249,25.0245,6.8394,6.9619,107.8133,484.05
5/25/2020,1,1.0898,1.2191,107.71,0.6545,0.6103,1.3985,0.9719,10.0568,9.6722,71.688,7.1368,75.9638,6.812,1.4248,24.9971,6.8408,6.9586,107.8638,482.6
5/26/2020,1,1.0982,1.2334,107.54,0.6653,0.6199,1.3777,0.9656,9.8892,9.6186,70.7933,7.135,75.66,6.7293,1.4162,24.6115,6.789,6.9056,107.057,483.73
5/27/2020,1,1.1006,1.2261,107.72,0.6622,0.6182,1.3752,0.9684,9.8659,9.6183,71.0028,7.168,75.7125,6.7744,1.4204,24.6394,6.776,6.894,106.8002,483.73
5/28/2020,1,1.1077,1.2321,107.65,0.6637,0.621,1.3763,0.9642,9.7758,9.5167,70.4853,7.1455,75.7625,6.8137,1.4176,24.3902,6.7295,6.8505,106.1559,483.73
5/29/2020,1,1.1101,1.2343,107.83,0.6667,0.6205,1.378,0.9616,9.7205,9.432,70.1542,7.1372,75.6175,6.824,1.4135,24.28,6.7164,6.8363,106.0509,484.56
6/1/2020,1,1.1136,1.2492,107.59,0.6798,0.6292,1.3573,0.9609,9.6109,9.3648,69.1136,7.1278,75.545,6.8117,1.4074,24.0155,6.6952,6.8144,105.595,484.16
6/2/2020,1,1.117,1.2551,108.68,0.6897,0.6371,1.3519,0.9624,9.5462,9.3305,68.7053,7.1014,75.3562,6.7144,1.4004,23.7979,6.6733,6.7881,105.2884,484.82
6/3/2020,1,1.1233,1.2575,108.9,0.6921,0.6422,1.3495,0.9612,9.4572,9.2841,68.654,7.1157,75.4725,6.7404,1.3979,23.689,6.6358,6.7404,104.7361,483.75
6/4/2020,1,1.1338,1.2597,109.15,0.6942,0.6464,1.35,0.9555,9.3538,9.1938,69.1642,7.1112,75.5762,6.7534,1.3983,23.5309,6.5765,6.6799,103.7811,484.45
6/5/2020,1,1.1292,1.2668,109.59,0.6969,0.6507,1.3422,0.9623,9.3152,9.2094,68.6864,7.0835,75.5825,6.77,1.3935,23.5685,6.6043,6.7007,104.1929,483.16
6/8/2020,1,1.1294,1.2724,108.43,0.7021,0.656,1.3382,0.9576,9.2603,9.2008,68.2047,7.0716,75.5437,6.7876,1.3879,23.5379,6.6005,6.6929,104.2856,483.26
6/9/2020,1,1.134,1.2728,107.76,0.6961,0.6514,1.3417,0.9508,9.2784,9.1916,68.5692,7.0774,75.615,6.797,1.3892,23.4226,6.5736,6.6707,103.7605,481.92
6/10/2020,1,1.1374,1.2747,107.12,0.6998,0.6536,1.3412,0.9438,9.3022,9.1805,68.4899,7.061,75.595,6.7765,1.3833,23.3576,6.5545,6.6554,103.4208,481.88
6/11/2020,1,1.1299,1.2602,106.87,0.6855,0.6431,1.3629,0.9442,9.6142,9.3224,70.1923,7.065,75.785,6.8416,1.3931,23.6835,6.598,6.6992,104.1115,482.65
6/12/2020,1,1.1256,1.254,107.38,0.6866,0.6445,1.3589,0.9524,9.6418,9.3327,70.1923,7.0842,75.845,6.814,1.3926,23.7543,6.6225,6.7226,104.6425,482.33
6/15/2020,1,1.1323,1.2605,107.33,0.6919,0.6474,1.3572,0.9492,9.5378,9.2817,69.5775,7.0908,76.0313,6.8143,1.3918,23.5354,6.5849,6.6769,103.8394,482.72
6/16/2020,1,1.1264,1.2573,107.32,0.6889,0.6451,1.3541,0.9513,9.5686,9.3711,69.6594,7.0862,76.2125,6.8415,1.3947,23.634,6.6197,6.7006,104.418,481.31
6/17/2020,1,1.1244,1.2555,107.01,0.6884,0.6457,1.3565,0.9487,9.5287,9.3422,69.7346,7.0855,76.165,6.8455,1.3934,23.652,6.6305,6.7112,104.6657,482.15
6/18/2020,1,1.1205,1.2424,106.97,0.6852,0.6429,1.36,0.9514,9.5426,9.4287,69.8739,7.0893,76.145,6.8569,1.3941,23.808,6.6522,6.7358,105.0555,480.58
6/19/2020,1,1.1178,1.235,106.87,0.6835,0.6407,1.3607,0.9523,9.6461,9.4738,69.4582,7.071,76.1862,6.8525,1.3974,23.8572,6.6708,6.7715,105.3419,481.75
6/22/2020,1,1.1261,1.2469,106.91,0.6908,0.648,1.3522,0.9477,9.6033,9.3731,69.0748,7.0684,76.025,6.8477,1.3924,23.6847,6.6215,6.7713,104.481,481.77
6/23/2020,1,1.1308,1.252,106.52,0.693,0.6491,1.355,0.9449,9.517,9.2858,68.854,7.0581,75.645,6.8507,1.3911,23.5373,6.5905,6.6996,104.0438,479.62
6/24/2020,1,1.1251,1.2419,107.04,0.6869,0.641,1.3638,0.9479,9.6647,9.3646,68.854,7.0782,75.7213,6.8559,1.3933,23.7538,6.6253,6.7333,104.5538,480.84
6/25/2020,1,1.1218,1.2419,107.19,0.6887,0.6429,1.3638,0.9485,9.6611,9.3137,69.0406,7.0782,75.6687,6.8552,1.3914,23.8027,6.6457,6.7466,104.806,480.95
6/26/2020,1,1.1219,1.2336,107.22,0.6865,0.6423,1.3688,0.9477,9.6979,9.3366,69.7849,7.0782,75.6475,6.86,1.3935,23.8484,6.6419,6.7365,104.8,480.88
6/29/2020,1,1.1242,1.2298,107.58,0.6866,0.6422,1.3659,0.9512,9.6744,9.3297,70.0143,7.0811,75.5813,6.8549,1.3935,23.8226,6.6291,6.7365,104.525,481.42
6/30/2020,1,1.1234,1.2401,107.93,0.6903,0.6454,1.3576,0.9473,9.6251,9.3211,71.1864,7.064,75.5087,6.8529,1.3936,23.7371,6.6339,6.7372,104.6969,480.91
7/1/2020,1,1.1251,1.2475,107.47,0.6915,0.6477,1.3587,0.9458,9.5147,9.3079,71.1864,7.0708,75.5963,6.8483,1.3937,23.655,6.6233,6.7234,104.5089,481.66
7/2/2020,1,1.1239,1.2468,107.5,0.6924,0.6511,1.3564,0.9453,9.532,9.3161,70.568,7.067,75.0063,6.8519,1.3947,23.6638,6.6301,6.7277,104.7275,481.69
7/3/2020,1,1.1248,1.2483,107.51,0.6939,0.6531,1.3547,0.9458,9.4747,9.315,71.4308,7.0665,74.6488,6.8623,1.3945,23.7169,6.6255,6.7191,104.57,484.44
7/6/2020,1,1.1309,1.2492,107.35,0.6973,0.6555,1.3539,0.9422,9.3969,9.2508,71.8102,7.0188,74.6837,6.8614,1.3921,23.5891,6.589,6.6837,104.0203,484.88
7/7/2020,1,1.1274,1.2542,107.52,0.6947,0.6546,1.3603,0.9424,9.4907,9.2641,71.4933,7.0138,74.9362,6.8588,1.3951,23.7059,6.6095,6.6953,104.4929,485.23
7/8/2020,1,1.133,1.261,107.26,0.6982,0.6575,1.3512,0.9383,9.3863,9.2011,71.1664,7.0044,75.0213,6.8589,1.3912,23.5221,6.5747,6.6537,103.8527,486.78
7/9/2020,1,1.1285,1.2606,107.2,0.6964,0.657,1.3586,0.9401,9.4681,9.2369,70.9227,6.9942,74.995,6.8618,1.3921,23.617,6.6008,6.6748,104.3064,484.88
7/10/2020,1,1.13,1.2622,106.93,0.695,0.6574,1.3592,0.9412,9.4238,9.1991,70.7311,7.0019,75.205,6.8659,1.391,23.5992,6.59,6.6644,104.2295,486.89
7/13/2020,1,1.1344,1.2555,107.29,0.694,0.654,1.3609,0.9416,9.4555,9.1987,70.9849,6.9974,75.19,6.8603,1.3905,23.517,6.5632,6.6417,103.6927,486.73
7/14/2020,1,1.14,1.2553,107.24,0.6975,0.6532,1.3615,0.94,9.4047,9.1041,70.8689,7.0058,75.43,6.8652,1.392,23.3933,6.5315,6.6059,103.2828,486.27
7/15/2020,1,1.1412,1.2587,106.94,0.7008,0.6571,1.3509,0.9443,9.2718,9.0693,70.9692,6.9889,75.15,6.8565,1.3893,23.3745,6.5252,6.6023,103.0479,484.93
7/16/2020,1,1.1384,1.2553,107.27,0.6971,0.6535,1.3574,0.9456,9.2997,9.0827,71.5675,6.9902,75.1937,6.8582,1.3925,23.4495,6.5406,6.623,103.3308,483.94
7/17/2020,1,1.1428,1.2568,107.02,0.6996,0.6557,1.358,0.9386,9.2935,9.0343,71.8935,6.9924,75.02,6.8638,1.3902,23.3284,6.5146,6.5934,102.935,483.36
7/20/2020,1,1.1448,1.2661,107.27,0.7016,0.6577,1.3535,0.9389,9.2296,8.9727,71.3514,6.9836,74.9162,6.8582,1.3889,23.2537,6.5041,6.5821,102.8104,483.31
7/21/2020,1,1.1527,1.2731,106.8,0.7128,0.6643,1.3459,0.9332,9.1135,8.8773,70.7418,6.9811,74.745,6.8236,1.383,22.8542,6.4565,6.5299,102.0861,483.66
7/22/2020,1,1.157,1.2734,107.15,0.714,0.6662,1.3417,0.9296,9.0998,8.8643,71.0851,7.0002,74.7625,6.8511,1.3856,22.7911,6.4326,6.5013,101.752,483.26
7/23/2020,1,1.1596,1.2741,106.86,0.7098,0.6635,1.341,0.9254,9.2273,8.8628,71.4688,7.0041,74.765,6.8441,1.386,22.6861,6.4189,6.4866,101.5208,483.44
7/24/2020,1,1.1656,1.2794,106.14,0.7105,0.6641,1.3415,0.9206,9.1529,8.8387,71.7352,7.0184,74.8275,6.8464,1.3824,22.5157,6.3846,6.4527,101.0331,483.76
7/27/2020,1,1.1752,1.2882,105.37,0.7149,0.6684,1.3356,0.9199,9.0944,8.7336,71.6083,6.9964,74.835,6.87,1.3787,22.3018,6.3333,6.3946,100.1619,485.47
7/28/2020,1,1.1716,1.2932,105.09,0.7158,0.6661,1.338,0.9179,9.1192,8.7735,72.59,7.0008,74.845,6.9352,1.379,22.4356,6.3525,6.4077,100.4141,484.86
7/29/2020,1,1.1792,1.2997,104.92,0.7188,0.6669,1.334,0.9126,9.0282,8.7219,72.5819,7.0016,74.8,6.9784,1.3737,22.214,6.3117,6.3556,99.7359,484.42
7/30/2020,1,1.1847,1.3096,104.73,0.7195,0.6699,1.3423,0.9089,9.0738,8.7095,73.161,7.0088,74.85,6.9939,1.3722,22.1395,6.283,6.3204,99.288,485.7
7/31/2020,1,1.1778,1.3085,105.83,0.7143,0.6629,1.3412,0.9129,9.1022,8.7795,74.3869,6.9752,74.8125,6.9725,1.3745,22.283,6.3229,6.3458,99.82,485.72
8/3/2020,1,1.1762,1.3075,105.95,0.7124,0.6613,1.3391,0.9178,9.1312,8.7486,73.1223,6.9809,75.01,6.9512,1.3761,22.3403,6.3328,6.355,99.9925,485.77
8/4/2020,1,1.1803,1.3071,105.72,0.716,0.6622,1.3319,0.9133,9.1166,8.7193,73.5399,6.9734,75.045,6.8974,1.3732,22.1362,6.3119,6.3286,99.6775,485.77
8/5/2020,1,1.1863,1.3114,105.6,0.7192,0.6647,1.3266,0.9085,8.9516,8.6794,72.8864,6.9366,74.9425,7.0477,1.3698,21.9913,6.2797,6.2952,99.1643,486.11
8/6/2020,1,1.1877,1.3143,105.55,0.7236,0.6688,1.3307,0.9098,8.9689,8.6882,73.2852,6.9535,74.9275,7.2534,1.3688,22.1494,6.2724,6.2825,99.0651,486.13
8/7/2020,1,1.1787,1.3052,105.92,0.7157,0.6605,1.3384,0.9124,9.0401,8.7517,73.723,6.968,74.935,7.2796,1.3727,22.3145,6.3183,6.3316,99.9409,486.07
8/10/2020,1,1.1738,1.3073,105.96,0.715,0.6591,1.3351,0.9156,9.0352,8.7592,73.4523,6.9619,74.9012,7.2835,1.3739,22.3529,6.3434,6.3719,100.0654,484.74
8/11/2020,1,1.174,1.3048,106.49,0.7143,0.6577,1.3301,0.9168,9.0208,8.7587,73.1357,6.9463,74.775,7.2246,1.3734,22.2911,6.3437,6.3699,100.1576,485.1
8/12/2020,1,1.1784,1.3034,106.91,0.7162,0.6578,1.3247,0.9121,8.9445,8.6927,73.6978,6.9372,74.8275,7.3326,1.3721,22.1819,6.3189,6.36,99.7844,485.29
8/13/2020,1,1.1814,1.3067,106.93,0.7149,0.6547,1.3223,0.9097,8.8827,8.6886,72.9482,6.9451,74.845,7.3384,1.3728,22.1272,6.3045,6.3583,99.4205,485.33
8/14/2020,1,1.1842,1.3086,106.6,0.7171,0.6542,1.3266,0.9091,8.89,8.6908,72.8649,6.9503,74.9037,7.3702,1.3709,22.0286,6.2889,6.355,99.3113,484.8
8/17/2020,1,1.187,1.3103,106,0.7214,0.6558,1.3215,0.9066,8.8504,8.6901,73.702,6.9329,74.8862,7.3821,1.3679,22.0127,6.2736,6.3431,99.1725,484.18
8/18/2020,1,1.1931,1.3239,105.41,0.7243,0.6601,1.3168,0.9038,8.8463,8.6476,73.1693,6.9218,74.76,7.3739,1.3646,21.8889,6.2404,6.3152,98.5811,484.93
8/19/2020,1,1.1838,1.3098,106.12,0.7182,0.6559,1.3216,0.9152,8.9288,8.7051,73.2957,6.9207,74.82,7.2876,1.3701,22.046,6.2897,6.3621,99.4615,485
8/20/2020,1,1.186,1.3214,105.8,0.7192,0.6535,1.3186,0.9077,8.9207,8.7091,73.7986,6.9158,75.03,7.2981,1.3671,21.9556,6.2768,6.347,99.2564,484.55
8/21/2020,1,1.1797,1.309,105.8,0.7161,0.6541,1.3177,0.9116,9.0123,8.7955,74.7934,6.9194,74.845,7.3163,1.3717,22.095,6.3113,6.3927,99.7825,485.46
8/24/2020,1,1.1788,1.3063,105.98,0.7163,0.6527,1.3218,0.9119,8.998,8.7927,74.6519,6.9196,74.3212,7.3764,1.3707,22.128,6.314,6.3902,99.8367,485.41
8/25/2020,1,1.1835,1.3152,106.39,0.7195,0.6547,1.3173,0.9077,8.9564,8.7549,75.3145,6.9128,74.33,7.3901,1.368,22.1193,6.2893,6.3616,99.3536,485.36
8/26/2020,1,1.183,1.321,105.99,0.7233,0.6621,1.3143,0.9083,8.8897,8.7188,75.3786,6.886,74.3,7.368,1.3656,22.1991,6.2916,6.3629,99.4464,486.69
8/27/2020,1,1.1822,1.3201,106.57,0.7259,0.6639,1.3128,0.909,8.9151,8.7248,74.964,6.8941,73.8163,7.3576,1.3662,22.2334,6.296,6.3661,99.4765,485.92
8/28/2020,1,1.1903,1.3353,105.37,0.7365,0.6743,1.3099,0.9042,8.8424,8.6247,74.0195,6.8654,73.4025,7.3302,1.3581,21.9405,6.2522,6.3245,98.8091,488.17
8/31/2020,1,1.1936,1.337,105.91,0.7376,0.6733,1.3047,0.9037,8.724,8.6454,74.0681,6.8485,73.62,7.3443,1.3603,22.0015,6.2359,6.3062,98.7311,487.77
9/1/2020,1,1.1912,1.3384,105.96,0.7372,0.6759,1.3064,0.9094,8.7607,8.6848,73.5867,6.8281,72.87,7.3688,1.3614,22.0379,6.2496,6.3201,98.8244,485.77
9/2/2020,1,1.1855,1.335,106.18,0.7338,0.6772,1.3045,0.9107,8.8387,8.7175,75.4066,6.8383,73.0313,7.3872,1.3625,22.2149,6.277,6.3538,99.1457,487.57
9/3/2020,1,1.1852,1.3281,106.19,0.7273,0.6712,1.3128,0.9094,8.9179,8.7366,75.2616,6.8488,73.4775,7.4324,1.3646,22.2575,6.2783,6.3593,99.19,487.52
9/4/2020,1,1.1838,1.3279,106.24,0.7282,0.6721,1.3062,0.9135,8.9283,8.7414,75.4191,6.8425,73.1413,7.4383,1.3647,22.364,6.2854,6.3681,99.2912,487.88
9/7/2020,1,1.1817,1.3166,106.27,0.7277,0.6692,1.3098,0.9161,8.933,8.7704,75.7612,6.8305,73.3475,7.4501,1.3662,22.3999,6.2968,6.3785,99.5967,488.19
9/8/2020,1,1.1778,1.2982,106.03,0.7214,0.6619,1.3236,0.9178,9.1305,8.831,76.2943,6.8464,73.5988,7.4849,1.3708,22.5171,6.3191,6.3982,99.9694,488.66
9/9/2020,1,1.1803,1.3002,106.18,0.7283,0.6684,1.3146,0.9124,9.0189,8.7465,75.325,6.8333,73.5375,7.4879,1.3664,22.4496,6.3037,6.3811,99.6939,488.75
9/10/2020,1,1.1815,1.2805,106.13,0.7258,0.6651,1.3192,0.9106,9.0761,8.776,75.2203,6.8343,73.4587,7.4494,1.3699,22.511,6.2978,6.3794,99.611,488.96
9/11/2020,1,1.1846,1.2796,106.16,0.7284,0.6666,1.3179,0.9089,9.0371,8.7761,75.0403,6.8344,73.54,7.4761,1.3678,22.4352,6.2803,6.3684,99.3728,488.15
,,,,,,,,,,,,,,,,,,,,
,,,,,,,,,,,,,,,,,,,,
,,,,,,,,,,,,,,,,,,,,
,,,,,,,,,,,,,,,,,,,,
,,,,,,,,,,,,,,,,,,,,
,,,,,,,,,,,,,,,,,,,,
,,,,,,,,,,,,,,,,,,,,
,,,,,,,,,,,,,,,,,,,,
,,,,,,,,,,,,,,,,,,,,
,,,,,,,,,,,,,,,,,,,,
,,,,,,,,,,,,,,,,,,,,
,,,,,,,,,,,,,,,,,,,,
,,,,,,,,,,,,,,,,,,,,
,,,,,,,,,,,,,,,,,,,,
,,,,,,,,,,,,,,,,,,,,
,,,,,,,,,,,,,,,,,,,,
,,,,,,,,,,,,,,,,,,,,
,,,,,,,,,,,,,,,,,,,,
,,,,,,,,,,,,,,,,,,,,
,,,,,,,,,,,,,,,,,,,,
,,,,,,,,,,,,,,,,,,,,
,,,,,,,,,,,,,,,,,,,,
,,,,,,,,,,,,,,,,,,,,
,,,,,,,,,,,,,,,,,,,,
,,,,,,,,,,,,,,,,,,,,
,,,,,,,,,,,,,,,,,,,,
,,,,,,,,,,,,,,,,,,,,
,,,,,,,,,,,,,,,,,,,,
,,,,,,,,,,,,,,,,,,,,
,,,,,,,,,,,,,,,,,,,,
,,,,,,,,,,,,,,,,,,,,
,,,,,,,,,,,,,,,,,,,,
,,,,,,,,,,,,,,,,,,,,
,,,,,,,,,,,,,,,,,,,,
,,,,,,,,,,,,,,,,,,,,
,,,,,,,,,,,,,,,,,,,,
,,,,,,,,,,,,,,,,,,,,
,,,,,,,,,,,,,,,,,,,,
