Date,Volume,Close,Low,High,Open
11/1/2016,32220953,23,21.78,23.55,22.1
11/2/2016,10755328,22.91,22.6358,23.265,22.67
11/3/2016,8084230,24.15,22.94,24.3493,22.96
11/4/2016,6878720,25.2,23.56,25.5,23.82
11/7/2016,8377025,25.08,24.89,26.41,25.54
11/8/2016,6471269,26.4,24.3,26.59,24.3
11/9/2016,10675856,28.72,26,29.14,26.83
11/10/2016,8189887,29.1,28.3,29.7,29.08
11/11/2016,5337239,29.3,27.63,29.99,29.18
11/14/2016,5156737,29.62,28.61,29.94,29.5
11/15/2016,3668883,30.21,28.83,30.23,28.94
11/16/2016,6152964,31.42,29.66,31.69,29.69
11/17/2016,4693213,31.85,30.77,32.02,31.3
11/18/2016,4421730,30.42,30.16,31.77,31.73
11/21/2016,2986107,30.69,29.501,30.98,30.89
11/22/2016,4182754,31.34,30.54,31.91,31.1
11/23/2016,4112265,31.51,30,31.93,31
11/25/2016,3109628,31.7,31.11,32.19,31.24
11/28/2016,5121935,30.86,30.7,31.8,31.48
11/29/2016,4928175,29.73,29.73,30.4999,30.02
11/30/2016,5131689,28.97,28.85,30.44,30.06
12/1/2016,5006186,28.88,28.6,29.42,28.84
12/2/2016,3870822,29.04,28.73,29.625,28.86
12/5/2016,7034136,31.22,28.89,31.2768,29.03
12/6/2016,3248595,31.15,30.21,31.19,30.71
12/7/2016,5778259,30.9,30.7653,31.89,31.3
12/8/2016,3064978,31.31,30.8,31.84,31.28
12/9/2016,4344295,32.05,31.04,32.11,31.31
12/12/2016,3416412,31.24,30.85,32.35,32.16
12/13/2016,4215143,30.24,30.03,31.73,31.4
12/14/2016,3176106,30.45,30.03,31.32,30.11
12/15/2016,3753185,29.79,29.65,30.44,30.16
12/16/2016,8133025,29.4,29.16,30.42,29.65
12/19/2016,2572496,29.29,28.75,29.49,28.89
12/20/2016,3826971,30.16,29.77,30.33,29.9
12/21/2016,1811751,30.43,30.02,30.43,30.19
12/22/2016,3767394,29.75,29.54,30.35,30.21
12/23/2016,2887430,29.71,29.34,30.13,29.79
12/27/2016,1708938,29.65,29.4,30.04,29.58
12/28/2016,2751061,29.43,29.35,30.17,29.78
12/29/2016,3224941,28.89,28.6,29.44,29.43
12/30/2016,2685997,28.08,28.01,29.3779,28.97
1/3/2017,2746634,28.83,28.17,28.87,28.6
1/4/2017,3339520,30.26,29.02,30.3,29.02
1/5/2017,2444552,30.65,30.115,30.93,30.18
1/6/2017,2086333,30.68,30.31,31.1,30.69
1/9/2017,4205059,29.48,29.215,30.88,30.88
1/10/2017,3824409,30.98,29.73,31.1,29.83
1/11/2017,3068269,31.97,31.08,32,31.08
1/12/2017,4521704,33.04,32.51,33.5,33
1/13/2017,3026712,33.01,32.53,33.43,32.82
1/17/2017,1382009,32.64,32.52,33.04,32.97
1/18/2017,6420118,34.81,32.64,34.83,32.95
1/19/2017,5050105,35.42,34.18,35.63,34.22
1/20/2017,5330864,35.66,34.93,35.74,35.4
1/23/2017,5245003,36.29,35.455,36.395,35.92
1/24/2017,11911148,37.5,37.18,38.38,37.18
1/25/2017,13583342,36.53,36.31,38.94,38.58
1/26/2017,5735412,36.3,35.51,37.0699,36.22
1/27/2017,3618336,36.67,36.27,37.39,36.3
1/30/2017,3002400,36.55,35.77,36.59,36.48
1/31/2017,2690280,36.45,36.01,37.23,36.78
2/1/2017,2905397,36.26,36.2,37.19,36.58
2/2/2017,5049682,37.68,36.63,38.37,36.7
2/3/2017,5243335,36.86,36.83,38.05,37.87
2/6/2017,2833872,37.75,36.8,38,36.9
2/7/2017,3269994,37.97,37.31,38.25,38.04
2/8/2017,3121713,37.54,37.11,38.5,37.93
2/9/2017,3392385,37.42,36.994,37.75,37.41
2/10/2017,3629116,38.3,37.505,38.54,37.92
2/13/2017,5366057,38.48,38.45,39.78,38.79
2/14/2017,3818607,38.56,38.18,39.25,38.57
2/15/2017,11488878,37.87,37.73,38.3,38.25
2/16/2017,7040708,36.46,36.35,37.8303,37.82
2/17/2017,4516838,36.21,35.79,36.61,36.24
2/21/2017,3393391,36.71,36.23,37.01,36.31
2/22/2017,2587865,36.6,36.21,36.71,36.4
2/23/2017,7139960,34.32,34.26,36.88,36.86
2/24/2017,5763834,34.48,33.35,34.64,33.81
2/27/2017,3898368,34.78,34.19,35.38,34.52
2/28/2017,4034102,34.59,34.4,35.33,34.73
3/1/2017,10564474,37.99,35.85,38.15,35.93
3/2/2017,5099275,35.85,35.83,38.17,37.64
3/3/2017,3238051,36.38,35.75,36.89,36.06
3/6/2017,5764124,36.93,35.8,37.48,36.8
3/7/2017,3753385,35.8,35.75,36.89,36.81
3/8/2017,4485667,35.99,35.9,36.82,35.9
3/9/2017,4826219,35.36,34.89,36.55,36.07
3/10/2017,4052365,34.53,34.235,36,35.9
3/13/2017,2491431,34.7,34.53,35.52,35.21
3/14/2017,3113001,34.19,33.77,34.58,34.45
3/15/2017,3753386,35.14,33.95,35.29,34.4
3/16/2017,3644274,35.38,34.98,35.99,35.66
3/17/2017,3827967,34.97,34.95,35.98,35.57
3/20/2017,2688853,34.9,34.1,35.36,34.9
3/21/2017,4540663,33.22,33.17,35.25,34.9
3/22/2017,2878415,33.69,33.01,34.15,33.35
3/23/2017,3071983,33.31,33.11,33.69,33.41
3/24/2017,4110969,32.56,32.365,33.86,33.61
3/27/2017,3654475,32.47,31.29,32.57,31.74
3/28/2017,4039664,32.92,32.45,33.6368,32.5
3/29/2017,2611803,32.91,32.73,33.29,32.91
3/30/2017,7122597,33.49,32.96,35.14,33
3/31/2017,5188399,34.4,33.6,34.74,34.06
4/3/2017,4204838,34.22,33.502,35,34.62
4/4/2017,2297037,34.23,33.821,34.5,34.03
4/5/2017,4016824,33.85,33.755,35.09,34.79
4/6/2017,3627131,33.65,33.19,34.16,33.85
4/7/2017,3674104,33.73,33.151,34.13,33.25
4/10/2017,2575451,33.66,33.2,33.78,33.66
4/11/2017,3142550,34.39,33.15,34.46,33.57
4/12/2017,7603354,32.05,32.03,34.29,33.86
4/13/2017,6143280,30.99,30.99,32.47,32.11
4/17/2017,4099722,31.31,30.97,31.79,31.17
4/18/2017,5018853,31.76,30.45,32.37,30.78
4/19/2017,2465529,31.3,31.28,32.44,32.18
4/20/2017,5429746,32.04,31.46,32.3,31.89
4/21/2017,5043928,31.7,31.65,32.55,32.2
4/24/2017,7907300,33.31,32.15,33.44,32.24
4/25/2017,11203196,36.49,34.23,36.55,34.23
4/26/2017,7528268,36.45,35.85,37.2,36
4/27/2017,14773472,34.52,34.155,35.9,35.75
4/28/2017,5240048,33.73,33.68,34.945,34.81
5/1/2017,4985515,33.28,32.9,34.13,33.95
5/2/2017,3912453,33.33,33.3,34.33,33.31
5/3/2017,7334538,31.69,31.51,32.9,32.9
5/4/2017,7917842,31.04,30.42,31.36,31.22
5/5/2017,4191170,31.82,31.05,31.96,31.35
5/8/2017,3795697,31.02,30.66,31.37,31.37
5/9/2017,3415294,30.82,30.46,31.24,31.22
5/10/2017,3487489,31.08,30.7,31.46,30.95
5/11/2017,4109699,31.16,30.45,31.31,31.23
5/12/2017,3380786,31.79,30.96,32.13,31
5/15/2017,2384134,32.03,31.97,32.5,32.17
5/16/2017,3001764,32.16,31.75,32.4,32.1
5/17/2017,3739790,31.63,31.58,32.22,31.88
5/18/2017,2396801,31.92,31.1,32.17,31.45
5/19/2017,2625907,32.29,32.1,32.88,32.16
5/22/2017,3456729,32.96,32.47,33.2,32.65
5/23/2017,2964198,33.26,32.56,33.36,32.98
5/24/2017,3348172,33.51,33.045,33.92,33.27
5/25/2017,2324871,33.09,33.03,34.09,33.68
5/26/2017,2410586,33.27,32.87,33.36,32.87
5/30/2017,3223450,32.99,32.53,33.16,33.03
5/31/2017,4546955,32.94,31.76,33.05,32.88
6/1/2017,2372191,32.94,32.45,33.45,32.84
6/2/2017,2639919,32.86,32.35,33,32.39
6/5/2017,2604980,33.32,32.65,33.58,32.65
6/6/2017,3631147,32.94,32.78,33.49,33.11
6/7/2017,3330688,32.82,32.4,33.17,33.15
6/8/2017,3286543,33.5,32.59,33.65,32.6
6/9/2017,3073576,33.01,32.85,34,33.64
6/12/2017,4719467,31.78,31.63,33.21,32.82
6/13/2017,2997123,32.48,31.55,32.548,31.97
6/14/2017,3726593,31.54,31.21,32.68,32.57
6/15/2017,3226913,30.74,30.61,31.45,31.12
6/16/2017,4767128,30,29.55,30.8625,30.8
6/19/2017,3909182,30.89,30.16,31.3,30.37
6/20/2017,2567582,30.45,30.41,31.095,30.69
6/21/2017,3489616,29.69,29.6346,30.59,30.59
6/22/2017,2906662,29.8,29.66,30.25,29.81
6/23/2017,6410938,31.09,29.79,31.43,30.13
6/26/2017,2936282,31.18,30.65,31.295,31.19
6/27/2017,5464790,31.63,31.49,32.5,31.6
6/28/2017,3768954,32.95,31.93,33,32.1
6/29/2017,3841300,33.18,32.61,33.34,33.11
6/30/2017,3032284,32.65,32.535,33.45,33.16
7/3/2017,3114295,34.02,32.915,34.3,32.94
7/5/2017,4006954,33.77,33.57,34.255,34.17
7/6/2017,6221440,33.89,33.6,35.38,33.61
7/7/2017,3776640,34.19,33.265,34.37,34
7/10/2017,3037352,34.14,33.68,34.45,33.91
7/11/2017,4244668,35,33.99,35.08,34.22
7/12/2017,4334442,34.6,34.44,35.47,35.25
7/13/2017,5302075,36.01,35.43,36.38,35.45
7/14/2017,4217600,36.32,35.98,36.44,36.2
7/17/2017,3463709,36.4,36.205,36.69,36.44
7/18/2017,3052565,36.43,35.8,36.48,36.4
7/19/2017,4516084,36.5,36.07,36.62,36.61
7/20/2017,4767392,36.72,35.95,37.31,35.95
7/21/2017,2527539,36.62,36.5055,36.8585,36.55
7/24/2017,2244773,36.69,36.51,36.88,36.59
7/25/2017,3425542,37.3,36.865,37.38,37.07
7/26/2017,3451001,36.63,36.56,37.61,37.42
7/27/2017,2044409,36.36,36.085,37.07,36.84
7/28/2017,2859014,35.64,35.54,36.32,36.17
7/31/2017,2145850,36.4,35.665,36.44,35.97
8/1/2017,1939164,36.38,35.91,36.74,36.46
8/2/2017,2965522,37.28,36.2,37.33,36.27
8/3/2017,2884639,37.09,36.94,37.6,37.28
8/4/2017,2287600,37.42,36.73,37.5,37.34
8/7/2017,4921553,37.99,37.61,38.47,38
8/8/2017,8781774,39.58,38.36,40.3621,38.5
8/9/2017,3729327,38.62,38.4,39.45,39.21
8/10/2017,3515825,37.78,37.715,38.78,38.12
8/11/2017,2974324,37.78,36.93,37.91,37.21
8/14/2017,2129460,37.19,37.1247,38.1584,38.11
8/15/2017,1826553,37.5,37.14,37.98,37.3
8/16/2017,4301947,39.23,37.9101,39.33,37.96
8/17/2017,3298863,37.8,37.75,39,39
8/18/2017,2118671,37.76,37.34,38.21,37.88
8/21/2017,2336799,38.47,38.05,38.66,38.19
8/22/2017,3869159,39.77,38.73,40.1299,38.74
8/23/2017,4827278,41.06,39.45,41.44,39.56
8/24/2017,3189316,41.34,40.56,41.55,40.88
8/25/2017,2753996,41.21,40.84,41.8,41.68
8/28/2017,2696047,42.17,41.05,42.26,41.43
8/29/2017,3982379,43,41.38,43.18,41.66
8/30/2017,5537882,43.09,42.991,44.1,43.23
8/31/2017,4181995,43.88,43.18,44,43.67
9/1/2017,3376275,45.04,44.13,45.22,44.21
9/5/2017,5223537,44.42,43.7,45.12,45.08
9/6/2017,3419879,44.43,43.3,44.5,44.4
9/7/2017,3329546,44.73,44.0401,44.9,44.16
9/8/2017,7297634,42.61,42.24,44.37,44.37
9/11/2017,4177312,43.6,43.13,44.49,43.25
9/12/2017,4826836,45,44.33,45.2,44.59
9/13/2017,3372211,44.91,44.36,45.07,44.61
9/14/2017,4450582,44.8,43.75,45,44.48
9/15/2017,5441558,44.65,44.22,45.09,44.76
9/18/2017,3224782,44.91,44.66,45.09,44.8
9/19/2017,4854943,46.2,44.86,46.44,45.22
9/20/2017,7305740,47.5,46.53,47.95,46.98
9/21/2017,3695561,46.25,45.97,47.25,47.11
9/22/2017,3224564,45.38,44.67,45.78,45.31
9/25/2017,3071319,45.29,44.62,45.7,45.33
9/26/2017,4539129,44.74,44.72,45.52,45.11
9/27/2017,2391140,45.07,44.48,45.56,45.28
9/28/2017,5282162,46.08,44.81,46.46,45.07
9/29/2017,3825604,46.62,45.9,47,46.45
10/2/2017,4043139,47.65,46.41,48.03,46.43
10/3/2017,3313591,48.31,47.44,48.33,47.97
10/4/2017,4124246,47.91,47.75,49.3,48.27
10/5/2017,3192080,48.25,47.65,48.7293,48.08
10/6/2017,3963549,47.49,47.3,47.89,47.89
10/9/2017,2235684,47.07,46.58,47.72,47.63
10/10/2017,3578577,46.89,46.58,47.45,47.28
10/11/2017,2727964,46.94,46.21,47,46.72
10/12/2017,3027556,47.53,46.8,47.77,46.95
10/13/2017,3288641,47.71,47.6,48.6299,48.32
10/16/2017,4682021,48.24,47.48,48.93,48
10/17/2017,3960640,47.77,47.42,48.72,48.65
10/18/2017,4697989,47.75,46.51,47.84,47.38
10/19/2017,6033142,46.54,46.01,47.74,46.5
10/20/2017,4209075,47.93,47.06,48.13,47.13
10/23/2017,4020138,47.93,47.83,48.56,48.04
10/24/2017,6702523,50.08,48.06,50.31,48.13
10/25/2017,3750687,49.52,48.51,49.8799,49.73
10/26/2017,3468520,49.15,48.52,49.73,49.52
10/27/2017,3870215,47.91,47.01,48.25,47.835
10/30/2017,2072449,47.42,47.37,48.38,47.75
10/31/2017,2721478,47.78,46.38,48.07,47.15
11/1/2017,3175057,47.7,47.45,49.27,48.91
11/2/2017,2059018,47.46,47.07,47.7671,47.68
11/3/2017,1839001,47.12,46.71,47.43,47.25
11/6/2017,1726647,47.29,46.53,47.68,47.2
11/7/2017,2168851,46.97,46.54,47.2042,47.11
11/8/2017,3348230,45.89,45.37,46.77,46.73
11/9/2017,7673591,43.33,43.11,44.71,44.71
11/10/2017,4465339,43.01,42.75,44.46,42.93
11/13/2017,3168178,43.13,42.55,43.87,42.7
11/14/2017,8096789,41.87,40.62,42.9,42.9
11/15/2017,4733985,42.21,40.73,42.37,41.27
11/16/2017,3351178,42.3,42.06,43.08,42.68
11/17/2017,3569226,43.4,42,43.6,42
11/20/2017,4846234,42.21,41.75,42.55,42.29
11/21/2017,6259975,41.39,40.22,42.73,42.73
11/22/2017,3254640,42.64,41.775,42.68,41.84
11/24/2017,1306136,42.21,42.09,42.9,42.8
11/27/2017,3091931,42.04,41.49,42.42,42.15
11/28/2017,8604230,43.3,41.2099,43.75,41.81
11/29/2017,4938871,41.24,40.8,42.32,42.19
11/30/2017,4407431,41.51,41.13,42.16,41.5
12/1/2017,3750947,41.64,40.521,42.3,41.82
12/4/2017,2709952,41.79,41.5,42.6,41.87
12/5/2017,2855506,41.18,40.95,41.86,41.37
12/6/2017,5438272,41.31,40.3,41.49,40.8
12/7/2017,3427362,40.6,40.27,41.19,41.13
12/8/2017,3696876,41.4,40.9,41.77,41
12/11/2017,4053147,42.24,41.54,42.98,41.54
12/12/2017,3421527,42.4,42.185,42.88,42.39
12/13/2017,4146333,41.86,41.715,42.57,42.45
12/14/2017,3684688,42.35,41.96,42.375,42
12/15/2017,4536769,42.61,42.28,43.14,42.8
12/18/2017,3175121,44.57,42.76,44.69,42.81
12/19/2017,5960336,46.52,44.66,46.54,44.67
12/20/2017,7170946,49.26,47.6287,49.67,48.2
12/21/2017,3055816,48.99,48.77,49.68,49.285
12/22/2017,2428317,49.99,48.81,50.04,49.27
12/26/2017,2759809,50.38,49.21,50.5,49.98
12/27/2017,2977825,51.84,50.2,51.93,50.55
12/28/2017,5702017,54.14,52.021,54.2,52.05
12/29/2017,5174615,53.87,53.52,54.61,54
1/2/2018,2929144,55.17,53.91,55.22,54.06
1/3/2018,4099974,54.5,52.96,55.15,54.92
1/4/2018,3555132,54.7,54.075,55.43,54.81
1/5/2018,3371375,54.09,53.41,54.66,54.65
1/8/2018,5028333,55,53.66,56.15,53.96
1/9/2018,3533011,54.2,54,55.08,55
1/10/2018,5056124,56.17,54.23,56.26,54.37
1/11/2018,2743080,56.91,55.87,57.13,56.6
1/12/2018,4216639,56.76,56.11,57.5,57.05
1/16/2018,3888380,56.24,55.46,57.04,56.09
1/17/2018,8189683,56.99,55.58,57.0399,56.03
1/18/2018,19521004,53,51.72,53.87,53.67
1/19/2018,5759602,53.1,52.55,53.68,52.86
1/22/2018,4220814,52.94,52.261,53.9,52.8
1/23/2018,4892065,52.49,51.73,52.9,52.34
1/24/2018,2521881,53.3,52.39,53.8525,52.9
1/25/2018,3762740,53.11,52.72,53.89,53.74
1/26/2018,2747894,54,53.28,54.4,53.55
1/29/2018,4648586,54.49,53.52,54.6299,53.89
1/30/2018,3655396,52.52,52.52,53.97,53.67
1/31/2018,4470379,52.02,51.25,53.36,52.75
2/1/2018,3176532,52.42,51.27,52.5,51.41
2/2/2018,6060454,49.09,49,52,52
2/5/2018,3865485,48.46,47.8,50.75,48.61
2/6/2018,3165788,49.43,47.28,50.2,47.44
2/7/2018,3176812,47.7,47.67,49.42,49.23
2/8/2018,3897043,45.98,45.53,48.24,47.81
2/9/2018,4579584,45.92,44.15,47.06,46.54
2/12/2018,3495927,46.65,45.77,47.13,46.05
2/13/2018,2811006,47.3,46.12,47.98,46.39
2/14/2018,2431659,48.54,46.52,48.65,46.71
2/15/2018,5113249,47.57,46.1901,48.99,48.99
2/16/2018,8396755,47.36,46.52,50.18,47.5
2/20/2018,4589494,48.07,46.76,48.7399,46.84
2/21/2018,3194895,47.55,47.23,48.95,48.21
2/22/2018,4232510,48.01,46.83,48.4,48.01
2/23/2018,3097983,46.7,46.5841,48.14,48.06
2/26/2018,3562019,46.68,46.14,47.58,47.42
2/27/2018,3247720,46.22,45.657,47.17,46.5
2/28/2018,2837409,44.97,44.94,46.84,46.25
3/1/2018,6501728,45.07,44.58,46.44,45.93
3/2/2018,3707749,45.54,44.14,46.18,44.72
3/5/2018,4587974,45.65,44.85,46.46,45.18
3/6/2018,4431167,46.99,46.03,47.52,46.19
3/7/2018,3654749,47.88,46.4006,48.26,46.6
3/8/2018,3255974,47.47,46.545,48.73,47.88
3/9/2018,2768899,47.86,47.23,48.59,48.05
3/12/2018,1495645,48.36,47.91,48.6799,48.01
3/13/2018,2746042,48.59,48.43,49.85,48.43
3/14/2018,4121856,46.57,46.21,49.43,49.09
3/15/2018,3007761,46.93,45.71,47.13,46.45
3/16/2018,3129709,47.23,46.74,47.9186,46.8
3/19/2018,2509146,46.36,45.76,47.68,47.03
3/20/2018,1515361,46.47,46.05,47.06,46.37
3/21/2018,2138138,47.95,46.31,48.0615,46.42
3/22/2018,4369976,44.92,44.86,48.089,47.4
3/23/2018,3256161,44.71,44.6,46,45.17
3/26/2018,5187007,45.77,44.2698,46.53,45.26
3/27/2018,4204840,44.9,44.635,46.49,46.25
3/28/2018,1661695,44.42,43.6864,44.92,44.51
3/29/2018,2279233,44.96,44.5,45.6629,44.74
4/2/2018,2139615,44.34,43.8,46.12,44.86
4/3/2018,2914982,45.35,44.63,45.9,44.63
4/4/2018,3667535,46.92,44.21,47.07,44.4
4/5/2018,2979005,47.61,47.15,48.73,47.2
4/6/2018,4066842,48.05,47.1,48.74,47.18
4/9/2018,6810025,50.62,49.32,52.02,49.78
4/10/2018,8973514,54.08,51.65,55.18,51.8
4/11/2018,5434621,53.97,52.65,54.89,53.8
4/12/2018,5726282,54.47,53.17,55.3323,53.7
4/13/2018,2685759,54.96,54.27,55.38,54.95
4/16/2018,5572963,55.03,54.405,56.5,55.55
4/17/2018,6077405,57.08,54.76,57.4875,55.37
4/18/2018,8700598,59.4,57.25,60.28,58.26
4/19/2018,11779224,60.23,59.56,62.35,60.54
4/20/2018,7635803,60.01,57.49,60.14,59.82
4/23/2018,13132495,51.9,51.5,54.91,54.56
4/24/2018,7258060,50.82,49.9,52.2,51.47
4/25/2018,4760653,51.95,49.97,52.43,50.59
4/26/2018,5842605,52.94,52.4005,55.08,54.25
4/27/2018,4355251,51.6,51.1,52.99,52.56
4/30/2018,2749820,51.2,51.05,51.8698,51.4
5/1/2018,2526305,51.99,50.11,52.43,51.04
5/2/2018,3375521,53.07,52.21,53.5,52.45
5/3/2018,4050792,53.28,52.6342,53.76,52.83
5/4/2018,2598700,54.39,52.65,54.46,53.04
5/7/2018,3891589,54.55,54.32,55.38,54.8
5/8/2018,2756129,53.76,53.44,54.65,54.26
5/9/2018,3647512,53.49,53.18,54.13,53.72
5/10/2018,3321925,53.79,53.09,54.01,53.4
5/11/2018,3978772,53.96,53.37,54.25,53.79
5/14/2018,4377313,52.33,51.92,54.515,54.38
5/15/2018,6216324,50.54,50.4,51.95,51.79
5/16/2018,5433326,50.19,49.54,50.675,50.54
5/17/2018,2887631,50.71,49.83,51.09,49.83
5/18/2018,3011306,50.83,50.35,51.05,50.53
5/21/2018,2446551,50.37,50.15,51.2,51.2
5/22/2018,3607805,49.69,49.6,50.9,50.68
5/23/2018,2276141,48.57,48.31,49.38,49.26
5/24/2018,1867241,49.15,48.55,49.44,48.62
5/25/2018,3553470,47.93,47.66,48.825,48.74
5/29/2018,1973444,47.3,46.82,47.95,47.57
5/30/2018,1681243,48.54,47.5,48.66,48.11
5/31/2018,4026868,48.07,47.81,50.43,49.98
6/1/2018,2442152,47.64,47.47,48.62,48.39
6/4/2018,2229504,48.46,48.13,48.82,48.13
6/5/2018,2433970,49.45,48.42,49.5,48.62
6/6/2018,2873374,50.13,49.17,50.19,49.89
6/7/2018,4036842,49.19,48.5422,50.12,50.04
6/8/2018,2299265,48.52,48.44,49.49,49.01
6/11/2018,4973497,49.92,48.18,50.59,48.5
6/12/2018,1561916,49.29,49.11,50.13,49.98
6/13/2018,2589351,48.35,48.28,49.49,49.34
6/14/2018,2167992,47.84,47.64,48.645,48.44
6/15/2018,4962449,45.34,45.03,47.4,47.4
6/18/2018,2835721,45.78,45,45.87,45.01
6/19/2018,3320095,44.47,43.35,44.63,44.63
6/20/2018,2160543,45.27,44.33,45.43,44.88
6/21/2018,2251182,44.81,44.57,45.429,45.01
6/22/2018,3383121,45.56,45.26,45.78,45.45
6/25/2018,2281908,44.26,43.59,45.13,45.13
6/26/2018,3918181,45.8,44.08,45.96,44.51
6/27/2018,2468646,45.74,45.47,47.05,45.68
6/28/2018,2272953,46.47,45.0738,46.68,45.23
6/29/2018,3118855,46.88,46.0875,47.32,46.19
7/2/2018,2150764,45.88,45.49,47.29,46.46
7/3/2018,1251283,45.8,45.51,46.9,46.34
7/5/2018,2250977,46.88,46.17,47.5,46.26
7/6/2018,2184835,47.14,46.02,47.245,46.49
7/9/2018,2370238,48.29,47.57,48.56,47.94
7/10/2018,2234801,47.89,47.5179,48.87,48.05
7/11/2018,2847293,48.06,46.59,48.3,46.91
7/12/2018,1896637,47.4,47.15,48.2873,48.1
7/13/2018,1350412,47.26,47.02,47.85,47.68
7/16/2018,2714124,47.41,46.76,48.08,47.54
7/17/2018,2203008,48.02,47.395,48.29,47.4
7/18/2018,3937718,47.96,47.32,48.75,47.98
7/19/2018,19926754,41.56,41.0249,46.3,45.75
7/20/2018,9855642,40.32,40.03,41.55,41.53
7/23/2018,7709803,41.33,40.08,41.82,40.86
7/24/2018,8243913,42.49,42,43.1,42.35
7/25/2018,5664928,43.11,41.645,43.245,42.1
7/26/2018,3023653,42.82,42.05,43.46,42.7
7/27/2018,3978849,43.22,42.3633,43.48,42.86
7/30/2018,2704072,42.58,42.32,43.68,43.38
7/31/2018,2557641,43.27,42.6552,43.61,42.68
8/1/2018,3886643,42.04,41.9,43.01,43.01
8/2/2018,2571736,42.48,41.46,42.75,41.63
8/3/2018,2101762,42.72,42.31,43.3,42.54
8/6/2018,3233414,42.72,42.21,42.98,42.53
8/7/2018,2887866,41.97,41.9,43.4,43.21
8/8/2018,6489177,43.7,41.945,44.32,42
8/9/2018,3058372,42.99,42.81,44.4,44.27
8/10/2018,7608234,44.98,42.05,45.17,42.45
8/13/2018,4337588,44.45,44.01,44.95,44.95
8/14/2018,3399519,44.13,43.76,44.5599,44.36
8/15/2018,5392395,40.88,40.69,43.37,43.18
8/16/2018,3398916,41.45,41.25,42.24,41.25
8/17/2018,2264910,42.03,41.09,42.24,41.42
8/20/2018,2730865,41.83,41.71,42.87,42.57
8/21/2018,3095888,43.03,41.88,43.22,41.88
8/22/2018,2037865,43.22,43.12,43.79,43.2
8/23/2018,2812973,42.02,41.89,42.73,42.5
8/24/2018,4630511,43.44,42.18,43.53,42.71
8/27/2018,2358878,43.87,43.41,44.35,43.41
8/28/2018,3837152,44.25,44,45.65,44.49
8/29/2018,2554184,45.13,44.04,45.47,44.12
8/30/2018,3086353,44.37,44.305,45.17,44.99
8/31/2018,2028645,44.67,44.04,45.04,44.1
9/4/2018,2045096,43.36,43.1,43.919,43.88
9/5/2018,3340740,42.87,41.63,43.2263,43.17
9/6/2018,6537246,40.36,40.12,42.93,42.9
9/7/2018,5305166,41,40.1,41.8223,40.5
9/10/2018,3405903,42.01,41.64,42.69,42.09
9/11/2018,3718963,40.87,40.5662,41.385,41.19
9/12/2018,4466893,42.02,40.32,42.04,41.31
9/13/2018,2609003,41.77,41.56,42.88,42.51
9/14/2018,2731442,42.79,41.81,42.91,41.81
9/17/2018,3015536,42.83,42.5,43.5,42.5
9/18/2018,2707093,43.12,42.73,43.8,43.49
9/19/2018,3010275,42.63,42.13,43.12,43.05
9/20/2018,4026319,42.93,42.38,43.58,43.39
9/21/2018,4939859,43.79,42.92,44,43.36
9/24/2018,4054270,41.96,41.91,43.69,43.01
9/25/2018,5152113,41.24,40.6,41.94,41.65
9/26/2018,7849621,40.48,39.58,41.3,41.3
9/27/2018,2842787,40.5,40.08,40.81,40.38
9/28/2018,3755733,40.4,40.24,41.355,40.54
10/1/2018,3624890,40.86,39.88,40.96,40.75
10/2/2018,4589918,41.56,40.86,41.86,40.96
10/3/2018,14417669,42.89,42.51,45.45,44.7
10/4/2018,6420388,43.11,42.53,43.73,43.35
10/5/2018,4314191,42.06,41.6,42.65,42.64
10/8/2018,7466689,38.74,38.27,41.01,41
10/9/2018,5164752,37.64,37.405,38.73,38.48
10/10/2018,4374437,36.06,35.97,37.45,37.31
10/11/2018,3505402,35.67,35.13,36.22,35.8
10/12/2018,2848507,35.67,35.59,36.55,36.39
10/15/2018,2439871,35.34,35.31,35.88,35.47
10/16/2018,2686752,36.19,35.3,36.295,35.48
10/17/2018,7398566,36.7,35.56,36.71,36.38
10/18/2018,13826704,38.85,38.6,40.68,38.61
10/19/2018,5061831,38.6,37.9,39.15,38.9
10/22/2018,3141059,39.46,38.64,39.76,38.72
10/23/2018,3192870,37.32,37.07,38.97,38.87
10/24/2018,4897217,34.2,34.04,37.35,37.12
10/25/2018,3200370,34.56,33.8801,35.19,34.56
10/26/2018,3944718,34.25,33.08,34.99,33.84
10/29/2018,2219637,33.82,33.4,35.12,34.6
10/30/2018,2193447,34.15,33.4132,34.48,33.65
10/31/2018,3380700,34.99,34.6,35.8214,34.82
11/1/2018,2756298,36.78,35.24,36.88,35.44
11/2/2018,2690040,36.93,36.41,37.69,37
11/5/2018,1774657,36.6,36.381,37.1655,36.84
11/6/2018,2417778,36.19,35.68,36.58,36.1
11/7/2018,3267911,36.83,36.12,37.33,36.74
11/8/2018,3764117,36.38,36.16,37.94,36.86
11/9/2018,4278967,34.36,33.82,36.15,35.97
11/12/2018,2422913,33.73,33.48,34.57,34.22
11/13/2018,4016944,34.72,33.26,35.36,33.69
11/14/2018,2872968,35.15,34.25,35.6,34.91
11/15/2018,2535829,35.94,34.8,36.16,35.09
11/16/2018,3092050,35.95,35.7201,36.72,35.85
11/19/2018,4603108,33.49,32.25,35.995,35.81
11/20/2018,2938346,32.68,31.98,33.2,32.42
11/21/2018,1697161,32.8,32.71,33.39,33.2
11/23/2018,1346631,32.31,31.63,32.58,32.05
11/26/2018,2348223,32.57,32.01,32.86,32.4
11/27/2018,2964927,31.19,30.95,32.35,32.14
11/28/2018,5636661,33.6,30.96,34.17,31.35
11/29/2018,8105526,30.99,30.979,33.48,33.45
11/30/2018,5353834,31.81,30.9419,32.46,31.04
12/3/2018,2946286,32.05,31.78,33.4691,32.9
12/4/2018,3037998,30.4,30.27,32.19,32.11
12/6/2018,4244173,29.65,28.12,29.68,29.66
12/7/2018,3383928,28.82,28.6796,30.21,30.15
12/10/2018,2915624,28.32,27.85,29.14,28.64
12/11/2018,2490557,28.43,28.33,29.44,29.16
12/12/2018,3116759,29.24,28.82,29.99,28.89
12/13/2018,2557680,29.1,28.52,29.3127,29.27
12/14/2018,3358975,28.61,28.41,29.59,28.51
12/17/2018,2186589,28.11,27.835,29.02,28.5
12/18/2018,2108003,28.24,28.09,28.66,28.12
12/19/2018,4941736,27.61,27.04,29.43,28.32
12/20/2018,4942492,27.33,26.29,27.78,27.66
12/21/2018,4323627,26.39,26.19,27.43,27.33
12/24/2018,1926924,25.15,25.08,26.27,26.27
12/26/2018,3237138,27.14,25.01,27.2,25.31
12/27/2018,3036550,27.16,25.7876,27.16,26.41
12/28/2018,3010472,26.6,26.24,27.265,27.09
12/31/2018,2402623,26.58,25.95,27.07,26.75
1/2/2019,3066951,26.24,25.48,26.847,25.955
1/3/2019,2979941,26.24,25.53,26.85,26.12
1/4/2019,5653659,28.34,26.65,28.61,26.84
1/7/2019,2440950,28.42,28.1456,28.91,28.53
1/8/2019,2218300,28.25,27.65,28.8467,28.73
1/9/2019,2372468,29.1,28.24,29.28,28.6
1/10/2019,2351574,28.98,28.48,29.01,28.69
1/11/2019,3838416,28.55,27.96,28.88,28.72
1/14/2019,4035562,28.79,27.89,29.17,29.06
1/15/2019,3770926,28.9,28.5867,29.47,28.94
1/16/2019,9242882,28.98,28.16,29.33,29.19
1/17/2019,12073084,29.59,27.51,30.28,28.21
1/18/2019,6601167,29.27,29.1,30.1,29.92
1/22/2019,5027047,27.81,27.53,29,29
1/23/2019,4392910,28.3,27.845,28.66,28.15
1/24/2019,3021970,27.96,27.6599,28.53,28.15
1/25/2019,6607687,29.02,28.16,29.515,28.42
1/28/2019,3538096,27.98,27.81,28.83,28.74
1/29/2019,3566031,28.75,28.1625,29.565,28.27
1/30/2019,6502712,29.59,28.67,29.82,29.1
1/31/2019,6466866,29.68,29.15,30.265,29.28
2/1/2019,5042238,28.6,28.27,30.0699,29.7
2/4/2019,2337192,29.09,28.351,29.19,28.43
2/5/2019,2749654,29.07,28.91,29.4969,29
2/6/2019,2923711,28.55,28.51,29.3,29.01
2/7/2019,4955683,27.29,27.0616,28.49,28.38
2/8/2019,4784908,27.65,26.51,27.68,27.12
2/11/2019,3448110,27.97,27.26,28.12,27.55
2/12/2019,3021652,28.4,27.95,28.69,28.33
2/13/2019,4566949,29.05,28.7,29.55,28.81
2/14/2019,3196631,28.2,28.15,28.75,28.73
2/15/2019,3407760,28.27,28.2,28.93,28.71
2/19/2019,3029489,28.21,28.1,28.4,28.21
2/20/2019,6520035,29.24,28.3401,29.595,28.39
2/21/2019,3983927,29.58,29.13,29.9,29.2
2/22/2019,3197583,30.17,29.36,30.48,29.88
2/25/2019,3937574,30.78,30.39,30.87,30.47
2/26/2019,3723632,30.85,30.48,31.27,30.7
2/27/2019,2880061,30.98,30.79,31.45,31.07
2/28/2019,3660477,29.5,29.33,31.02,31.02
3/1/2019,2187712,29.66,29.35,30.2,29.68
3/4/2019,2690930,29.16,28.73,29.97,29.91
3/5/2019,1890970,29.2,28.76,29.31,29.07
3/6/2019,2466049,28.25,28.14,29.155,29.06
3/7/2019,3102396,27.36,27.31,28.3,28.16
3/8/2019,2864338,26.82,26.51,27.16,26.93
3/11/2019,3497718,27.52,26.73,27.57,26.76
3/12/2019,3112615,28.44,27.6,28.59,27.73
3/13/2019,3670381,28.98,28.56,29.32,28.62
3/14/2019,3701376,27.89,27.81,28.84,28.79
3/15/2019,2936837,27.84,27.74,28.53,27.87
3/18/2019,3522157,28.64,27.9267,28.86,28
3/19/2019,2459658,28.62,28.49,29.32,29.03
3/20/2019,3381804,28.79,27.69,29.12,28.5
3/21/2019,3234813,29.41,28.5,29.53,28.54
3/22/2019,3356052,28.12,27.8,29.27,29.1
3/25/2019,2871122,28.02,27.77,28.56,28.12
3/26/2019,4287196,27.54,27.27,28.5,28.14
3/27/2019,2523325,27.91,27.22,27.985,27.9
3/28/2019,2553095,27.99,27.385,28.05,28.05
3/29/2019,3382533,28.16,28.01,28.8,28.28
4/1/2019,3880402,29.46,28.53,29.67,28.68
4/2/2019,3838794,28.54,28.18,29.29,29.13
4/3/2019,4678230,28.69,28.31,28.87,28.45
4/4/2019,2654923,29.29,28.38,29.34,28.6
4/5/2019,3018557,29.55,29.09,29.69,29.4
4/8/2019,2375490,29.66,29.32,29.73,29.55
4/9/2019,2355477,29.1,28.93,29.5,29.38
4/10/2019,2598120,29.15,28.88,29.34,29.21
4/11/2019,3409943,28.49,28.3,29.11,28.85
4/12/2019,2752760,28.29,28.25,29.2,28.9
4/15/2019,4164840,27.74,27.57,28.4,28.38
4/16/2019,4094310,27.72,27.4,27.96,27.8
4/17/2019,5015985,27.72,27.67,28.59,27.98
4/18/2019,9476158,26.66,25.71,27.41,27.36
4/22/2019,6241169,28.14,26.52,28.24,26.52
4/23/2019,4784786,28.53,28.08,28.92,28.08
4/24/2019,3391188,28.12,27.75,28.54,28.49
4/25/2019,3153435,27.11,27.01,28.04,28.04
4/26/2019,2257674,26.91,26.84,27.25,27.05
4/29/2019,2298626,26.85,26.48,26.94,26.82
4/30/2019,3269968,26.68,26.37,27.02,26.71
5/1/2019,3682363,26,25.98,27.1,26.7
5/2/2019,2917145,25.93,25.719,26.38,25.88
5/3/2019,3376187,26.68,26.05,26.83,26.23
5/6/2019,4081509,25.91,25.28,26,25.95
5/7/2019,4020345,25.18,25,25.72,25.61
5/8/2019,3303995,24.69,24.67,25.43,25.03
5/9/2019,2633776,24.81,23.88,24.9,24.4
5/10/2019,3551071,25.04,24.27,25.31,24.73
5/13/2019,4366983,24.54,23.97,24.65,24.33
5/14/2019,4318486,25.01,24.7,25.47,24.79
5/15/2019,2739687,25.01,24.5327,25.14,24.64
5/16/2019,2237916,24.98,24.67,25.235,25.13
5/17/2019,3227229,24.5,24.35,25,24.6
5/20/2019,3289158,23.99,23.85,24.88,24.33
5/21/2019,2769550,24.74,23.89,24.865,24.29
5/22/2019,2198802,24.24,24.04,24.75,24.6
5/23/2019,3338134,23.24,23.0656,23.9,23.9
5/24/2019,3783350,23.01,22.97,23.6,23.45
5/28/2019,3632871,22.55,22.415,23.12,23.04
5/29/2019,2260972,22.46,21.95,22.51,22.23
5/30/2019,3409992,21.62,21.5,22.47,22.41
5/31/2019,2720980,21.19,21.02,21.37,21.26
6/3/2019,3181047,21.51,20.82,21.67,21.05
6/4/2019,3593527,21.89,21.48,22.23,21.67
6/5/2019,5820479,21.37,21.04,22.05,22.02
6/6/2019,4244678,21.57,21.21,21.98,21.45
6/7/2019,3970859,21.44,20.92,21.63,21.53
6/10/2019,3989884,21.58,21.56,22.1128,21.59
6/11/2019,3015195,21.67,21.66,22.5,22.4
6/12/2019,2638542,21.17,21.08,21.64,21.5
6/13/2019,2923801,21.8,21.1,21.9017,21.31
6/14/2019,3210693,21.73,21.3,22.14,21.5
6/17/2019,3228856,21.65,21.2,21.99,21.53
6/18/2019,4551096,22.54,21.68,23.09,22.03
6/19/2019,2708118,22.4,22.3,23.03,22.67
6/20/2019,2519585,22.51,22.46,23.25,23.06
6/21/2019,2947678,22.6,22.18,22.74,22.59
6/24/2019,2198476,22.22,22.16,22.6925,22.53
6/25/2019,2568314,22.55,21.95,22.86,22.23
6/26/2019,2578508,23.21,22.67,23.385,22.77
6/27/2019,2625345,23.13,22.915,23.39,23.28
6/28/2019,2910116,23.41,22.85,23.42,23.1
7/1/2019,3421871,22.92,22.78,23.85,23.67
7/2/2019,3258978,23.3,22.6601,23.485,22.93
7/3/2019,3189190,22.7,22.365,23.44,23.23
7/5/2019,2291925,23.13,22.22,23.245,22.25
7/8/2019,3451253,22.3,22.21,23.11,22.94
7/9/2019,4720944,22.22,21.16,22.25,21.7
7/10/2019,3424999,22.61,22.14,22.955,22.46
7/11/2019,3323593,22.5,21.98,22.595,22.31
7/12/2019,2217149,22.6,22.365,22.81,22.51
7/15/2019,3320942,23.17,22.68,23.23,22.78
7/16/2019,2881522,23.32,23.09,23.925,23.25
7/17/2019,3304831,23.15,22.82,23.37,23.32
7/18/2019,10698368,23.41,22.52,24.63,22.9
7/19/2019,4645461,23.11,22.87,23.78,23.36
7/22/2019,3719205,22.98,22.695,23.3901,23.18
7/23/2019,3088480,22.95,22.86,23.56,23.16
7/24/2019,2951330,23.56,22.835,23.6,22.93
7/25/2019,3893072,22.85,22.6,23.63,23.48
7/26/2019,2506673,23.13,22.63,23.3,22.85
7/29/2019,2393866,23.12,22.9,23.57,23.06
7/30/2019,2865586,23.04,22.575,23.04,22.9
7/31/2019,2763826,22.49,22.42,23.24,23.05
8/1/2019,4783924,21.33,21,22.45,22.27
8/2/2019,3516620,20.71,20.31,21.325,21.15
8/5/2019,3982154,20.15,19.54,20.2659,20.22
8/6/2019,3781055,19.89,19.35,20.35,20.22
8/7/2019,2949029,19.58,19.15,19.63,19.53
8/8/2019,2980755,20.12,19.68,20.24,19.79
8/9/2019,3068448,19.21,19.1597,19.96,19.85
8/12/2019,3104424,18.52,18.39,19.05,19.03
8/13/2019,4429032,19.11,18.33,19.52,18.5
8/14/2019,5541490,17.5,17.5,18.41,18.35
8/15/2019,3973308,16.92,16.6814,17.74,17.6
8/16/2019,4273197,17.52,17.04,17.63,17.04
8/19/2019,3505041,18.23,17.81,18.37,17.84
8/20/2019,2954053,18.31,18.0638,18.4,18.12
8/21/2019,3383098,18.47,18.46,19.01,18.67
8/22/2019,2999286,18.05,17.905,18.545,18.46
8/23/2019,3236669,17.48,17.31,18,17.83
8/26/2019,3110957,17.17,17.09,17.73,17.73
8/27/2019,2376852,16.73,16.68,17.37,17.31
8/28/2019,2916655,17.01,16.46,17.28,16.58
8/29/2019,3069428,17.8,17.2625,17.98,17.32
8/30/2019,2095399,17.93,17.71,18.17,17.94
9/3/2019,2604541,17.61,17.09,17.7,17.63
9/4/2019,2574820,18.28,17.96,18.39,18.02
9/5/2019,5547297,19.62,18.7,19.765,18.71
9/6/2019,2970575,19.11,18.98,19.64,19.52
9/9/2019,4241617,20.3,19.27,20.42,19.27
9/10/2019,3213843,20.83,19.85,20.89,20.39
9/11/2019,6270074,22.18,20.7,22.28,21.35
9/12/2019,5143783,22.56,21.38,22.82,22.03
9/13/2019,4218917,22.89,22.7,23.325,22.95
9/16/2019,2866088,22.56,22.38,22.87,22.56
9/17/2019,3663032,22.03,21.55,22.35,22
9/18/2019,4160726,21.67,21.3689,22,21.79
9/19/2019,2994323,21.94,21.3,22.21,21.3
9/20/2019,5091900,21.7,21.5,22.0964,22.04
9/23/2019,3529661,21.3,20.44,21.7067,20.66
9/24/2019,3727529,20.62,20.42,21.44,21.07
9/25/2019,3353752,21.5,20.38,21.56,20.48
9/26/2019,2263116,20.99,20.59,21.23,21.19
9/27/2019,3087902,20.61,20.43,21.23,21.08
9/30/2019,3282303,20.07,19.95,20.55,20.53
10/1/2019,3252310,19.86,19.7,20.87,20.19
10/2/2019,3080426,19.3,18.82,19.55,19.42
10/3/2019,3509840,19.05,18.68,19.34,19.13
10/4/2019,2751359,19.45,18.94,19.49,19.1
10/7/2019,2625029,19.25,19.19,19.775,19.41
10/8/2019,3549823,18.49,18.47,19.01,18.9
10/9/2019,3188467,18.41,18.1863,18.82,18.75
10/10/2019,3448930,18.69,18.42,18.9941,18.64
10/11/2019,6001313,19.28,18.97,19.5,19.16
10/14/2019,5807514,19.17,18.78,19.44,19.02
10/15/2019,7580440,19.46,18.9606,19.8133,19.11
10/16/2019,7583571,19.16,19.16,19.96,19.25
10/17/2019,9111778,20.3,20.03,21.63,20.55
10/18/2019,6209493,21.54,20.34,21.64,20.66
10/21/2019,6356577,20.47,20.45,21.66,21.57
10/22/2019,4205646,20.73,19.92,21.03,20.45
10/23/2019,3167597,21.28,20.81,21.39,20.81
10/24/2019,4203898,20.74,20.445,21.57,21.34
10/25/2019,5929207,21.02,20.6,21.2,20.68
10/28/2019,2828071,21.52,21.19,21.77,21.22
10/29/2019,2445585,21.6,21.05,21.73,21.45
10/30/2019,3719141,21.29,20.775,21.345,21.3
10/31/2019,5483007,20.79,20.36,21.3,20.94
11/1/2019,5479169,21.87,21,22.06,21.03
11/4/2019,3840081,22.91,22.02,22.985,22.28
11/5/2019,5241297,22.59,22.55,23.465,23.2
11/6/2019,2468014,21.9,21.89,22.62,22.41
11/7/2019,4820492,22.56,22.3,23.065,22.4
11/8/2019,4687678,22.53,22.25,22.95,22.38
11/11/2019,3188730,22.22,21.6838,22.31,22.15
11/12/2019,3105069,22.18,22.06,23.02,22.33
11/13/2019,4484076,21.22,20.98,21.82,21.53
11/14/2019,2919979,20.99,20.71,21.4,21.05
11/15/2019,3304829,20.89,20.435,21.25,21
11/18/2019,3617833,20.76,20,20.82,20.62
11/19/2019,2341855,20.57,20.44,21.0317,21.03
11/20/2019,2537931,20.37,20.23,20.98,20.4
11/21/2019,2489767,20.15,20.105,20.7,20.43
11/22/2019,4425447,20.56,20.39,20.945,20.39
11/25/2019,2797486,20.44,20.4,20.9,20.75
11/26/2019,2750986,20.26,20.14,20.51,20.41
11/27/2019,2293414,20.6,20.18,20.6,20.29
11/29/2019,1223254,20.35,20.1583,20.47,20.43
12/2/2019,2592817,20.33,20.33,20.96,20.47
12/3/2019,3056912,19.79,19.52,20.01,19.97
12/4/2019,4574947,19.76,19.76,20.15,19.97
12/5/2019,4067640,19.87,19.75,20.01,19.86
12/6/2019,5272687,20.6,20.06,20.9,20.13
12/9/2019,5487755,20.25,20.12,20.81,20.67
12/10/2019,3177232,20.65,20.19,20.72,20.22
12/11/2019,2535426,20.65,20.46,20.92,20.55
12/12/2019,3444233,21.26,20.31,21.34,20.4
12/13/2019,4334076,20.69,20.59,21.59,21.42
12/16/2019,3211811,20.98,20.88,21.395,20.99
12/17/2019,3504025,20.71,20.52,20.945,20.82
12/18/2019,5129865,20.95,20.5,21.035,20.6
12/19/2019,4767363,21.47,21,21.665,21.1
12/20/2019,5139843,21.23,20.98,21.65,21.58
12/23/2019,2263301,21.48,21.26,21.55,21.3
12/24/2019,1092171,21.58,21.47,21.92,21.61
12/26/2019,4729679,21.45,21.245,21.7,21.5
12/27/2019,2454976,21.58,21.33,21.78,21.41
12/30/2019,2299382,21.34,21.3,21.7,21.7
12/31/2019,2288530,21.51,21.26,21.67,21.37
1/2/2020,3062541,21.42,21.315,21.86,21.86
1/3/2020,3011847,21.5,21.15,21.61,21.17
1/6/2020,3060430,21,20.9,21.45,21.34
1/7/2020,4988044,21.32,20.99,21.545,21.06
1/8/2020,3710929,20.46,20.4,21.39,21.3
1/9/2020,5701298,19.81,19.73,20.52,20.46
1/10/2020,5061663,19.45,19.34,19.94,19.9
1/13/2020,6207202,19.61,19.1502,19.86,19.39
1/14/2020,4225186,20.37,19.68,20.54,19.73
1/15/2020,5699400,20.18,20.045,20.48,20.33
1/16/2020,22033253,17.78,17.73,19.61,19.42
1/17/2020,9067027,17.69,17.51,18.25,18.06
1/21/2020,6603348,17.12,17.1,17.62,17.58
1/22/2020,12843139,16.59,16.5,17.12,17.07
1/23/2020,7362856,16.29,15.9401,16.41,16.37
1/24/2020,7815114,15.51,15.355,16.32,16.3
1/27/2020,6596079,14.87,14.8,15.325,15.01
1/28/2020,7371948,14.71,14.65,15.25,15.1
1/29/2020,5281370,14.5,14.35,14.8744,14.83
1/30/2020,10570747,14.29,13.81,14.41,14.28
1/31/2020,9964128,13.95,13.62,14.24,14.01
2/3/2020,7227874,14.24,13.91,14.42,14.01
2/4/2020,7443209,14.7,14.24,14.945,14.46
2/5/2020,8183030,15.81,15.175,15.89,15.31
2/6/2020,6281612,15.92,15.6399,16.1,16.1
2/7/2020,5058736,15.55,15.36,15.7,15.63
2/10/2020,4009112,15.42,15.15,15.59,15.31
2/11/2020,4580466,15.74,15.54,16.21,15.57
2/12/2020,3894749,15.76,15.61,16.205,15.96
2/13/2020,2810355,15.75,15.45,15.775,15.56
2/14/2020,4292120,15.67,15.42,15.93,15.8
2/18/2020,3166404,15.98,15.46,15.98,15.54
2/19/2020,8725463,16.7,16.04,16.8,16.04
2/20/2020,7682007,16.1,16.07,16.72,16.65
2/21/2020,5528628,16.1,15.92,16.2992,16.01
2/24/2020,5465689,15.36,14.9783,15.42,15.21
2/25/2020,6280464,14.5,14.3,15.52,15.48
2/26/2020,4797497,14.12,14.11,14.84,14.64
2/27/2020,7007429,13.46,13.1,14.11,13.76
2/28/2020,6827178,13.87,12.83,13.91,12.84
3/2/2020,6784807,13.73,13.11,14.03,14.02
3/3/2020,10024705,12.94,12.705,14.04,13.67
3/4/2020,7371269,12.88,12.58,13.19,13.17
3/5/2020,12865882,11.89,11.675,12.61,12.47
3/6/2020,10566407,11.01,10.8,11.77,11.36
3/9/2020,10033959,8.69,8.61,10.1099,9.62
3/10/2020,10358291,9.26,8.55,9.42,9.33
3/11/2020,9451032,9.2,8.3,9.23,8.85
3/12/2020,12676874,7.51,7.24,8.35,8.35
3/13/2020,7316234,8,7.16,8.35,8.08
3/16/2020,7319004,6.82,6.73,7.67,6.94
3/17/2020,8065675,7,6.61,7.25,7.12
3/18/2020,9287137,5.75,5.27,6.68,6.53
3/19/2020,6174466,5.83,5.2,6.15,5.76
3/20/2020,9957204,5.48,5.43,6.17,6.07
3/23/2020,7018502,5.67,5.16,5.945,5.5
3/24/2020,15142976,7.27,6.2,7.48,6.24
3/25/2020,12619262,7.09,7.01,7.99,7.93
3/26/2020,11935680,6.84,6.73,7.3863,7.27
3/27/2020,10075437,6.55,6.05,6.79,6.51
3/30/2020,9615589,6.07,6,6.6,6.55
3/31/2020,12501980,6.16,6.06,6.62,6.16
4/1/2020,10452219,6.25,5.71,6.61,5.96
4/2/2020,10277718,6.08,5.92,6.685,6.29
4/3/2020,7951856,5.97,5.78,6.28,6.05
4/6/2020,9900312,6.55,6.25,6.84,6.37
4/7/2020,16045956,7.03,6.96,7.75,7.14
4/8/2020,7510393,7.26,7.02,7.46,7.17
4/9/2020,13298826,7.41,7.22,8.02,7.65
4/13/2020,9563893,7.55,7.12,7.75,7.48
4/14/2020,10641726,7.72,7.62,8.38,7.87
4/15/2020,8642557,7.26,7.01,7.42,7.23
4/16/2020,7963282,6.96,6.79,7.4,7.21
4/17/2020,10114431,7.59,7.23,7.62,7.25
4/20/2020,7393599,7.45,7.26,7.8689,7.27
4/21/2020,6156406,7.32,7.06,7.39,7.1
4/22/2020,8457907,7.55,7.33,7.8,7.63
4/23/2020,20737032,7.29,7.235,8.08,7.91
4/24/2020,11296625,7.15,7.015,7.45,7.29
4/27/2020,9549425,7.37,6.99,7.49,7.21
4/28/2020,12227856,7.84,7.38,8.11,7.55
4/29/2020,12389233,8.67,8.15,8.895,8.15
4/30/2020,10728634,8.15,8.06,8.63,8.61
5/1/2020,9065295,7.69,7.575,8.17,7.86
5/4/2020,6870657,7.8,7.34,7.9,7.52
5/5/2020,8138913,7.81,7.72,8.27,8.02
5/6/2020,6236778,7.71,7.585,7.94,7.89
5/7/2020,10984191,7.49,7.36,8.01,7.84
5/8/2020,11312884,8.07,7.48,8.08,7.64
5/11/2020,8314493,7.77,7.66,7.91,7.78
5/12/2020,8639747,7.29,7.27,7.9601,7.81
5/13/2020,8751348,6.98,6.87,7.34,7.31
5/14/2020,8896376,6.81,6.38,7.045,6.74
5/15/2020,6718477,6.66,6.62,6.93,6.7
5/18/2020,12922291,7.8,7.01,7.875,7.07
5/19/2020,10589639,7.74,7.66,8.195,7.8
5/20/2020,10545711,8.35,8.055,8.4398,8.06
5/21/2020,9117452,8.28,8.03,8.4,8.26
5/22/2020,4414816,8.21,8.02,8.3683,8.3
5/26/2020,8563675,8.76,8.615,8.99,8.7
5/27/2020,11370364,9.76,8.925,9.79,9.12
5/28/2020,15644265,9.48,9.41,10.67,9.96
5/29/2020,7942378,9.21,8.97,9.47,9.28
6/1/2020,5525222,9.49,9.15,9.645,9.21
6/2/2020,6267115,9.92,9.62,10.04,9.62
6/3/2020,8568694,10.77,10.085,10.89,10.2
6/4/2020,11430613,11.64,10.575,11.65,10.85
6/5/2020,18677633,12.07,11.57,13.86,12.69
6/8/2020,11247246,12.98,12.3,13.04,12.7
6/9/2020,7781523,12.59,12.07,12.69,12.38
6/10/2020,8252125,12.17,11.93,12.61,12.51
6/11/2020,11959427,10.42,10.27,11.4399,10.89
6/12/2020,10185645,11.53,11.045,11.62,11.2
6/15/2020,6956181,11.41,10.68,11.53,10.9
6/16/2020,9388165,11.55,11.38,12.14,12.02
6/17/2020,6532178,11.55,11.38,11.81,11.55
6/18/2020,6059734,11.65,11.1298,11.935,11.26
6/19/2020,8894573,11.48,11.34,12,11.98
6/22/2020,7827434,11.83,11.33,11.91,11.42
6/23/2020,7237304,12.2,11.93,12.31,12.12
6/24/2020,7562692,11.14,10.9,12.04,11.96
6/25/2020,6728553,11.83,10.86,11.84,11.01
6/26/2020,25817580,10.93,10.87,11.7,11.61
6/29/2020,7397605,10.99,10.7,11.19,11.04
6/30/2020,5798134,11.24,10.745,11.36,10.84
7/1/2020,7706527,10.95,10.9,11.66,11.18
7/2/2020,7515353,10.97,10.8601,11.68,11.26
7/6/2020,7084253,11.47,11.02,11.5748,11.35
7/7/2020,4613857,11.23,11.11,11.64,11.23
7/8/2020,12283996,11.09,10.89,12.12,12.07
7/9/2020,8074262,10.52,10.46,11.0606,11.03
7/10/2020,7890349,11.41,10.4314,11.42,10.49
7/13/2020,7871869,11.51,11.465,11.975,11.53
7/14/2020,11441062,12.61,11.24,12.7,11.38
7/15/2020,11807550,12.69,12.125,12.97,12.85
7/16/2020,16696892,13.49,12.75,13.7,12.81
7/17/2020,9757629,13.06,12.78,13.86,13.54
7/20/2020,4678559,12.72,12.71,13.0924,12.9
7/21/2020,5734469,13.16,12.81,13.27,12.83
7/22/2020,4860872,13.07,13,13.385,13.05
7/23/2020,5684962,12.71,12.62,13.17,13.02
7/24/2020,4173960,12.75,12.3,12.86,12.59
7/27/2020,4692296,13.24,12.5331,13.31,12.81
7/28/2020,3546374,12.91,12.8,13.12,12.97
7/29/2020,4758535,13.18,12.81,13.36,13
7/30/2020,6616336,13.18,12.47,13.25,12.83
7/31/2020,10357413,13,12.48,13.13,12.92
8/3/2020,5888115,13.68,12.92,13.78,13.08
8/4/2020,4871603,13.67,13.3,13.85,13.61
8/5/2020,9437501,14.68,14,14.8454,14
8/6/2020,10031558,14.9,14.3201,15.5,14.73
8/7/2020,6573588,14.67,14.23,14.84,14.64
8/10/2020,8087794,15.57,14.84,16.07,14.86
8/11/2020,7744457,14.89,14.83,16.07,16.02
8/12/2020,3987737,14.96,14.82,15.415,15.27
8/13/2020,4135694,14.48,14.42,15.12,14.75
8/14/2020,2991556,14.64,14.18,14.78,14.33
8/17/2020,2527740,14.5,14.36,14.9,14.75
8/18/2020,4571125,14.76,14.57,14.9774,14.62
8/19/2020,7297256,15.31,14.77,15.945,14.8
8/20/2020,3140945,15.19,14.73,15.245,15.04
8/21/2020,4326712,14.6,14.515,15.04,14.91
8/24/2020,3171175,15.12,14.7,15.13,14.85
8/25/2020,2363258,15.05,14.82,15.25,15.12
8/26/2020,3158480,15.07,15.02,15.44,15.09
8/27/2020,3246941,14.84,14.672,15.33,15.22
8/28/2020,3144918,15.12,14.8605,15.18,15.01
8/31/2020,4033212,14.62,14.62,15.23,15.23
9/1/2020,4123171,15.09,14.24,15.18,14.64
9/2/2020,5691182,14.67,14.41,14.87,14.73
9/3/2020,3930760,14.23,14.01,14.78,14.53
9/4/2020,3929632,14.4,13.9,14.67,14.52
9/8/2020,4901863,14.23,13.69,14.555,14.26
9/9/2020,3084124,14.1,14.05,14.4,14.32
9/10/2020,4206090,13.78,13.73,14.34,14.15
9/11/2020,4217426,13.98,13.675,14.28,13.89
9/14/2020,2691561,14.05,13.87,14.22,14.19
9/15/2020,5345890,13.78,13.78,14.39,14.2
9/16/2020,5585966,13.9,13.705,14.08,13.92
9/17/2020,7479512,13.45,13.21,13.64,13.61
9/18/2020,7734461,13.32,13.3,13.805,13.49
9/21/2020,7070388,12.3,11.985,13.0899,12.96
9/22/2020,4914999,12.21,11.89,12.42,12.36
9/23/2020,5418928,11.64,11.57,12.39,12.01
9/24/2020,3919562,11.7,11.39,11.915,11.66
9/25/2020,6190419,11.55,11.3,11.7573,11.5
9/28/2020,5121059,12.24,11.82,12.33,11.83
9/29/2020,5180879,11.67,11.55,12.1799,12.1799
9/30/2020,5513080,11.63,11.56,12.1,11.68
10/1/2020,6112046,11.39,11.29,11.88,11.69
10/2/2020,5600902,11.82,10.98,11.95,11.02
10/5/2020,5387481,11.93,11.835,12.17,11.95
10/6/2020,7031319,11.67,11.66,12.47,12.11
10/7/2020,3928884,12.24,11.96,12.3,11.96
10/8/2020,4872874,12.73,12.38,12.74,12.45
10/9/2020,8440008,12.52,12.25,12.97,12.94
10/12/2020,5099471,12.59,12.3494,12.65,12.59
10/13/2020,5930770,12.72,12.36,12.83,12.44
10/14/2020,7484734,13,12.7055,13.14,12.79
10/15/2020,13471681,12.3,11.41,12.44,11.45
10/16/2020,5378026,12.62,12.03,12.66,12.31
10/19/2020,6672158,12.63,12.61,13.22,12.67
10/20/2020,4542602,12.8,12.74,13.1,12.9
10/21/2020,7320878,13.32,12.8,13.6,12.83
10/22/2020,5368251,13.66,13.02,13.67,13.28
10/23/2020,5307324,13.47,13.47,14.14,13.8
10/26/2020,3640636,13,12.865,13.37,13.26
10/27/2020,3815534,13.03,12.77,13.215,12.93
10/28/2020,4349777,12.36,12.35,12.63,12.5
10/29/2020,5620866,12.75,12.15,12.79,12.21
10/30/2020,3998321,12.92,12.61,13.032,12.7
11/2/2020,4940788,13.61,13.03,13.7,13.1
11/3/2020,4717116,13.83,13.69,14.13,13.94
11/4/2020,6122748,13.19,12.86,13.65,13.65
11/5/2020,5732695,14.05,13.31,14.3,13.31
11/6/2020,4255758,14.44,14,14.54,14.3
11/9/2020,8373249,15.73,15.11,16.185,15.5
11/10/2020,4843782,15.99,15.51,16.16,15.89
11/11/2020,5780551,15.89,15.6849,16.3401,16.21
11/12/2020,5090151,15.62,15.16,16.1,15.49
11/13/2020,5058820,16.57,15.86,16.6298,15.92
11/16/2020,6564812,17.66,16.76,17.66,17.21
11/17/2020,5443321,18.27,17.11,18.3,17.37
11/18/2020,6255259,18.33,18.3,18.85,18.3
11/19/2020,5024584,18.93,18.19,18.99,18.3
11/20/2020,4749801,18.82,18.6,19.23,18.89
11/23/2020,7392416,19.81,19.24,20.08,19.3
11/24/2020,7384066,20.82,20.025,21,20.24
11/25/2020,5405714,20.37,20.26,20.84,20.68
11/27/2020,3739509,20.48,20.265,21.19,20.6
11/30/2020,4427569,19.9,19.65,20.45,20.32
12/1/2020,8331878,21.83,20.46,22.12,20.48
12/2/2020,5866346,22.37,21.3,22.46,21.58
12/3/2020,5909508,22.04,21.96,22.89,22.74
12/4/2020,7697829,23.73,22.33,24.17,22.33
12/7/2020,6582480,23.39,23.03,23.54,23.51
12/8/2020,5734950,23.29,22.9,23.68,23.07
12/9/2020,7021415,22.71,22,24,23.665
12/10/2020,4988111,24.01,22.53,24.098,22.625
12/11/2020,6157390,22.84,22.16,23.59,23.5
12/14/2020,6286195,21.76,21.682,23.375,23.25
12/15/2020,4226504,22.17,21.7582,22.6,22.115
12/16/2020,5423842,21.58,21.3042,22.13,22.06
12/17/2020,7318439,22.18,21.74,23.21,22.28
12/18/2020,5137275,22.01,21.86,22.61,22.21
12/21/2020,3869440,22.11,21.13,22.24,21.25
12/22/2020,4197039,21.61,21.5,22.22,22.17
12/23/2020,3480750,22.22,21.8,22.66,21.8
12/24/2020,1075501,21.96,21.81,22.34,22.34
12/28/2020,4336333,22.24,22.09,23.02,22.1
12/29/2020,3492994,22.04,21.15,22.34,22.14
12/30/2020,3435025,22.95,21.98,23.18,22.07
12/31/2020,3443724,23.05,22.4,23.43,23
1/4/2021,5400324,23.25,23.125,24.45,23.62
1/5/2021,4297930,23.67,23.22,24.12,23.3
1/6/2021,5656874,25.21,24.4,25.66,24.5
1/7/2021,4445458,25.23,24.96,26.2,25.63
1/8/2021,2967826,24.99,24.52,25.47,25.3
1/11/2021,3041869,24.56,23.53,24.9,23.86
1/12/2021,2844175,25.08,24.54,25.45,24.78
1/13/2021,2599874,24.44,24.31,25.15,25.14
1/14/2021,3991370,25.09,24.8501,25.38,25
1/15/2021,5866810,23.28,22.96,24.515,24.515
1/19/2021,5737725,23.09,22.86,24.22,23.89
1/20/2021,5578332,22.84,22.64,23.74,23.5
1/21/2021,22833827,20.01,20,21.7,20.93
1/22/2021,11183386,19.4,19.17,20.04,19.4
1/25/2021,7926939,19.34,18.58,19.44,19.26
1/26/2021,5928799,18.56,18.55,19.6598,19.6
1/27/2021,9215320,18.66,17.3,18.97,18.69
1/28/2021,7028644,18.5,18.475,19.3,19.1
1/29/2021,7772462,18,17.775,18.8399,18.65
2/1/2021,9127432,18.82,17.78,18.89,18.49
2/2/2021,7218520,19.11,18.805,19.375,19.16
2/3/2021,10453664,19.9,18.85,20.18,19.11
2/4/2021,5516652,20.36,19.85,20.4459,20.02
2/5/2021,5242727,20.95,20.22,20.98,20.58
2/8/2021,8285018,21.8,21.29,21.97,21.33
2/9/2021,5591021,21.76,21.66,22.345,21.77
2/10/2021,5196620,21.56,21.0524,22.12,21.58
2/11/2021,3865124,21.39,20.97,21.67,21.51
2/12/2021,3306025,21.66,20.96,21.755,21.09
2/16/2021,4264320,22.43,22.0545,22.62,22.09
2/17/2021,4239475,21.93,21.71,22.675,22.41
2/18/2021,3545632,21.12,21.07,22.26,22.03
2/19/2021,7262321,23.13,21.55,23.34,21.56
2/22/2021,9399508,24.8,23.05,25.475,23.46
2/23/2021,6009773,24.9,22.95,25.09,23.86
2/24/2021,8974303,27.2,25.1,27.29,25.1
2/25/2021,8444384,25.56,25.105,27.8,27.48
2/26/2021,6412682,24.55,23.64,24.98,24.2
3/1/2021,5560293,25.99,25.4,26.38,25.67
3/2/2021,8530319,27.5,26.2,27.86,26.2
3/3/2021,17570191,30.83,28.52,31.37,28.9
3/4/2021,10364263,28.59,27.3601,30.39,29.715
3/5/2021,7777627,28.99,27.41,30.505,29.23
3/8/2021,4985666,28.47,28.4,30.17,29.65
3/9/2021,7555203,29.94,28.2,30.05,28.99
3/10/2021,7927665,31.98,30.34,32.42,30.34
3/11/2021,6259221,32.16,31.6901,32.8717,32.3
3/12/2021,4732979,31.51,31.28,32.48,31.89
3/15/2021,4543403,31.04,30.34,31.68,31.45
3/16/2021,5035665,29.52,29.29,30.785,30.75
3/17/2021,6861307,31.81,30.04,31.81,30.17
3/18/2021,6727235,31.19,30.93,33.4495,31.66
3/19/2021,6934807,31.14,30.0701,31.62,31.13
3/22/2021,3552299,30.43,30.08,31.42,31.23
3/23/2021,8474586,27.42,27.11,29.25,28.39
3/24/2021,9127477,28.76,28.59,30.48,29.72
3/25/2021,6403022,29.66,27.55,29.7651,28.03
3/26/2021,9604262,32.78,30.15,32.8,30.41
3/29/2021,8276237,32.04,31.855,33.99,32.45
3/30/2021,6286685,32.97,31.34,33.05,32.15
3/31/2021,7236579,32.49,32.11,34.29,33.66
4/1/2021,5482082,32.23,31.49,32.5799,32.2
4/5/2021,3933781,31.55,31.51,32.7999,32.68
4/6/2021,6204497,31.31,31.1,33.07,31.66
4/7/2021,4193353,31.52,31.11,31.97,31.37
4/8/2021,5776052,31.45,30.025,31.92,31.8
4/9/2021,4317326,31.36,30.51,31.55,31.16
4/12/2021,4418476,31.77,31.1,31.88,31.5
4/13/2021,3412640,31.24,30.83,32.18,31.98
4/14/2021,8200517,33.39,31.8,34.24,31.95
4/15/2021,6132580,32.84,32.15,33.62,33.46
4/16/2021,17790325,35.63,33.865,36.03,34.03
4/19/2021,10102393,36.03,34.81,36.54,35.4
4/20/2021,10494794,32.98,32.381,35.95,35.91
4/21/2021,7890150,34.26,32.5,34.68,32.57
4/22/2021,5436624,33.21,33.16,34.33,34.2
4/23/2021,4818317,34.71,33.7602,34.86,33.98
4/26/2021,7747562,36.8,34.995,37.06,35.16
4/27/2021,5855171,36.75,35.82,37.7,36.04
4/28/2021,3468329,36.49,36.29,36.97,36.53
4/29/2021,4895439,37.17,36.36,37.5,36.99
4/30/2021,6284736,36.64,36.35,38.07,36.52
5/3/2021,4657715,37.61,36.05,38.055,37.18
5/4/2021,6704936,39.07,37.65,39.27,38.02
5/5/2021,7658871,40.6,38.64,40.88,39.37
5/6/2021,7163968,39.89,39.28,41.44,40.89
5/7/2021,4828309,41.2,39.25,41.38,39.76
5/10/2021,11649721,41.04,41.02,44.42,42.75
5/11/2021,9042131,41.32,38.96,42.15,39.07
5/12/2021,8252229,39.51,39.15,42.24,41.13
5/13/2021,6493529,39.13,38.19,40.97,39.146
5/14/2021,4718169,39.7,38.651,39.98,39.1
5/17/2021,4774540,40.68,38.57,40.7,39.55
5/18/2021,5665221,39.84,39.58,41.69,41.11
5/19/2021,15755855,36.17,35.39,38.37,38.34
5/20/2021,7124340,35.82,35.28,36.36,36.36
5/21/2021,6902609,36.14,35.65,37.0675,36.17
5/24/2021,5462015,36.5,35.4,36.79,36.11
5/25/2021,5868522,35.15,34.94,36.93,36.46
5/26/2021,5991018,36.55,35.38,36.585,35.38
5/27/2021,6946052,39.01,37.3,39.055,37.51
5/28/2021,4536793,39.67,38.22,39.7,38.64
6/1/2021,7332372,40.98,40.14,41.155,40.2
6/2/2021,5504606,40,39.46,40.7,40.7
6/3/2021,5030088,38.72,38.2678,39.54,39.02
6/4/2021,3361220,38.84,38.32,39.58,39.32
6/7/2021,5016418,37.74,37.3847,38.74,38.74
6/8/2021,5046288,38.62,36.7,38.9199,37.63
6/9/2021,4926756,37.98,37.49,38.68,38.47
6/10/2021,3736056,37.42,37.24,38.8,38.26
6/11/2021,4649409,37.38,37.11,38.56,38.23
6/14/2021,5887303,36.95,36.46,37.785,37.3
6/15/2021,8600587,36.29,34.75,36.36,36.22
6/16/2021,7645651,35.36,34.69,35.85,35.54
6/17/2021,12414489,33.58,32.63,35.35,35.26
6/18/2021,9979915,32.08,31.9,33.45,33.05
6/21/2021,6758628,33.09,32.35,33.33,32.44
6/22/2021,6153288,33.91,32.78,34.08,33.38
6/23/2021,9462627,35.04,34.82,35.96,35.08
6/24/2021,6733849,36.35,35.269,36.67,35.93
6/25/2021,32496825,35.8,35.78,37.11,36.95
6/28/2021,8758199,36.09,35.67,36.61,36.17
6/29/2021,8493518,37.53,36.54,38,36.55
6/30/2021,6047752,36.84,36.68,37.8039,37.2
7/1/2021,6119937,36.96,36.47,37.69,37.4
7/2/2021,7338025,37.92,37.13,38.5,37.44
7/6/2021,8577484,36.47,36.24,37.9479,37.61
7/7/2021,4987915,36.23,35.83,37.28,36.66
7/8/2021,6245448,35.36,34.08,36.09,35
7/9/2021,6624400,37.44,36.28,37.78,36.5
7/12/2021,5139491,37.29,36.58,37.94,36.88
7/13/2021,8073363,35.62,35.22,37.18,37.15
7/14/2021,6964629,35.14,34.94,36.9,36.25
7/15/2021,8560168,34.54,34.235,35.93,35.27
7/16/2021,14579689,32.95,32.7323,35.7,35.35
7/19/2021,12140838,31.62,30.995,32.45,31.99
7/20/2021,15651337,34.95,31.26,35.2602,31.55
7/21/2021,11877733,37.09,35.25,37.41,35.25
7/22/2021,7230108,37.23,36.1,37.49,36.95
7/23/2021,5840643,37.06,36.49,37.87,37.52
7/26/2021,8950255,38.96,37.02,39.02,37.59
7/27/2021,5782369,38.27,37.37,38.5,38.04
7/28/2021,6217530,38.23,37.8065,38.92,38.56
7/29/2021,6648512,39.37,38.78,40,38.94
7/30/2021,8142636,40.15,38.96,40.66,39.16
8/2/2021,7601700,39.4,39.38,41.65,40.22
8/3/2021,6269207,40.38,38,40.45,39.52
8/4/2021,5087554,38.75,38.53,40.019,39.97
8/5/2021,4021718,38.75,38.29,39.35,38.49
8/6/2021,6146725,40.71,39.2299,40.95,39.62
8/9/2021,5634414,40.53,39.9,41.49,40.45
8/10/2021,11404034,43.87,40.65,44.15,40.69
8/11/2021,7674533,44.66,43.15,44.74,43.48
8/12/2021,6678342,45.15,43.7701,45.4,44.29
8/13/2021,5839387,45.25,44.89,45.7905,45.39
8/16/2021,4964509,43.42,42.8201,44.19,44.1
8/17/2021,8015483,41.61,40.34,42.94,42.78
8/18/2021,6107372,41.49,40.8,42.35,41.03
8/19/2021,16177792,36.92,36.6085,40.09,39.9
8/20/2021,7819084,37.71,37.19,38.2,37.5
8/23/2021,9678618,41.11,38.57,41.44,38.6
8/24/2021,5672786,42.13,41.74,43.03,41.83
8/25/2021,4728792,42.06,41.64,42.695,42.05
8/26/2021,3971998,41.42,41.35,42.5799,41.72
8/27/2021,7106743,44.13,42.08,44.3,42.19
8/30/2021,5552301,44.05,43.33,44.88,44.5
8/31/2021,6152582,44.37,42.96,44.95,44.26
9/1/2021,11731021,45.6,42.45,46.22,43.71
9/2/2021,8462630,46.91,45.9,48.24,46.03
9/3/2021,5203097,47.21,46.04,47.72,46.955
9/7/2021,6167915,46.77,46.48,48.39,47.61
9/8/2021,5685679,45.73,45.405,47.77,46.52
9/9/2021,7472776,47.51,46.04,47.8899,46.185
9/10/2021,10386140,49.5,48.25,50.345,48.25
9/13/2021,8566708,49.22,49.06,51.169,50.25
9/14/2021,6897818,48,47.62,49.2441,48.98
9/15/2021,9404365,51.68,49.51,51.89,49.72
9/16/2021,8043171,49.41,48.66,50.96,50.95
9/17/2021,10515730,48.83,47.47,49.77,49.19
9/20/2021,9338058,48.46,45.24,48.48,45.71
9/21/2021,14587085,45.6,44.48,49.14,48.75
9/22/2021,10983765,47.95,47.1,49.37,47.3
9/23/2021,5723397,48.56,47.8,49.46,48.11
9/24/2021,5168089,48.49,47.75,49.08,47.87
9/27/2021,8264621,51.56,48.48,51.71,48.56
9/28/2021,7122331,50.98,50.16,52.45,51.6
9/29/2021,4609123,50.58,50.1606,52.0797,52.075
9/30/2021,6045624,48.94,48.93,50.47,50.06
10/1/2021,6561195,49.77,47.94,49.89,49.46
10/4/2021,4681676,49.18,49.06,51.23,50.53
10/5/2021,4226393,49.05,48.39,49.82,49.59
10/6/2021,7321764,47.05,45.8,48.23,47.79
10/7/2021,5916632,47.05,46.94,48.26,48.17
10/8/2021,5548594,46.03,45.63,47.33,47.07
10/11/2021,6078775,47.29,47.15,49.38,47.91
10/12/2021,6872261,47.78,47.3446,49.44,47.88
10/13/2021,5836826,48.4,47.23,48.9,48.135
10/14/2021,9971260,48.6,48.06,50.04,49.29
10/15/2021,33374931,56,51,56.93,51.92
10/18/2021,9883752,57.24,54.96,57.57,54.99
10/19/2021,10860849,53.68,53.61,57.24,57.24
10/20/2021,7330394,52.51,52.02,53.8999,52.8
10/21/2021,9066902,49.99,49.8,51.7,51.7
10/22/2021,7469345,49.25,48.87,50.99,50.49
10/25/2021,11070148,51.17,49.35,52.125,50.11
10/26/2021,6153108,49.55,49.26,51.2656,50.8
10/27/2021,12864707,45.89,45.45,47.92,47.48
10/28/2021,10235705,46.45,45.51,47.48,47.17
10/29/2021,6647240,45.95,45.38,47.21,46.08
11/1/2021,9336808,46.73,45.21,47.5301,46.22
11/2/2021,10040498,47.08,45.9,47.48,46.86
11/3/2021,6552163,47.43,46.76,48.65,47.2
11/4/2021,11378845,46.37,45.29,47.62,47.5
11/5/2021,8316982,47.86,46,48.1,46
11/8/2021,10550347,48.86,48.16,50.62,49.2
11/9/2021,7051546,47.24,46.75,49.16,48.72
11/10/2021,5964765,46.17,45.6,47.69,47.01
11/11/2021,14257316,51.21,48.4,51.71,48.52
11/12/2021,9310579,51.92,50.35,52.86,50.73
11/15/2021,6352096,50.63,49.44,51,50.99
11/16/2021,8759691,48.2,47.96,50,49.86
11/17/2021,5365638,47.92,47.62,50,48.91
11/18/2021,4353631,47.7,46.49,47.83,47.55
11/19/2021,5644176,47.6,46.69,48.08,47.31
11/22/2021,6379850,48.51,47.3,49.7,47.8
11/23/2021,4881724,49.02,48.45,50.21,49.16
11/24/2021,7137598,50.46,48.41,51.335,48.81
11/26/2021,7291156,47.95,45.82,48.14,47.74
11/29/2021,6546723,49.14,47.779,49.935,49.22
11/30/2021,9644856,46.53,45.56,49.38,48.78
12/1/2021,15223056,43.78,43.75,48.05,47.89
12/2/2021,5522504,44.82,43.8201,45.29,44.435
12/3/2021,5930836,44.07,43.26,44.92,44.76
12/6/2021,7116506,45.56,44.13,46.7381,44.92
12/7/2021,5637731,46.94,46.73,48.05,47.07
12/8/2021,5594720,48.56,46.98,48.735,47.07
12/9/2021,8731969,49.98,47.35,50.98,47.8
12/10/2021,5525355,48.8,47.84,50.15,49.97
12/13/2021,4950901,47.78,47.2,50.05,49.22
12/14/2021,14668202,50.46,48.41,51.08,48.96
12/15/2021,9047608,50.97,48.045,51.01,49.51
12/16/2021,12482609,52.59,51.98,54.15,52
12/17/2021,31780861,53.73,50.8812,53.78,52.26
12/20/2021,8394528,53.11,51.36,53.355,51.89
12/21/2021,10784072,56.79,53.75,57.24,53.8
12/22/2021,10594824,59.31,56.67,60.5536,56.93
12/23/2021,7516371,59.36,58.46,60.59,59
12/27/2021,6270013,59.83,57.23,59.86,58.37
12/28/2021,6002294,59.19,58.51,59.56,59.28
12/29/2021,4022735,59.63,58.67,60.12,59.13
12/30/2021,4507541,59.21,59.14,61.59,59.68
12/31/2021,3943966,59.58,58.7,60.0452,59.16
1/3/2022,6208442,60.36,60.09,62.61,60.24
1/4/2022,7980653,57.53,57.21,61.15,60.68
1/5/2022,7599751,58.55,58.445,61.79,58.95
1/6/2022,4363058,58.45,57.25,59.4911,58.94
1/7/2022,8071270,62.37,59.65,62.89,60.14
1/10/2022,5653472,61.54,60.441,62.71,61.62
1/11/2022,6003582,62.2,59.12,62.25,60.71
1/12/2022,6434989,61.88,60.86,64.37,63.66
1/13/2022,5769838,60.51,60.37,63.26,61.75
1/14/2022,4397108,61.39,59.34,61.44,60.27
1/18/2022,5994091,60.05,58.8,61.56,60.5
1/19/2022,7851084,59.63,58.885,61.93,61.39
1/20/2022,15925959,61.25,59.97,64.25,62.1
1/21/2022,11024982,56.21,56.04,60.15,60.02
1/24/2022,9209629,58.02,53.26,58.2,53.81
1/25/2022,7780587,61.21,56.7608,61.6,57.51
1/26/2022,9267426,60.75,59.88,63.64,61.54
1/27/2022,6445290,58.03,57.47,61.6599,60.6
1/28/2022,6995278,57.4,55.58,58.39,58
1/31/2022,7206053,56.71,55.02,57.02,56.94
2/1/2022,5939348,58.17,56.73,58.44,57.99
2/2/2022,5613758,59.21,57.25,59.585,58.19
2/3/2022,8076610,62.74,58.33,63.36,58.9
2/4/2022,7161159,64.22,61.88,65.6,62.26
2/7/2022,5021855,63.75,63.02,65.77,64.95
2/8/2022,16122881,69.97,65.6,71.97,65.83
2/9/2022,10244697,71.91,68.97,72.37,69.52
2/10/2022,11437736,71.17,70.12,73.72,70.94
2/11/2022,9952265,73.52,68.7308,74.5,68.96
2/14/2022,7813281,73.86,71.92,75.23,74.54
2/15/2022,6823367,74.04,70.56,74.19,72.45
2/16/2022,7355774,77.84,74.72,77.95,75
2/17/2022,5515030,76.47,75.4345,77.66,77.06
2/18/2022,5825344,78.2,75.55,78.37,76.03
2/22/2022,8994048,74.09,73.11,80.08,80
2/23/2022,6588168,75.32,73.1101,75.68,74.25
2/24/2022,11610911,73.3,69.85,77.45,75.29
2/25/2022,7361905,77.85,71.781,78.38,73.11
2/28/2022,9363349,75.34,75.01,80.5799,77.65
3/1/2022,15303424,79.78,77.06,85.73,77.89
3/2/2022,10760849,82.56,78.7819,83.16,81.01
3/3/2022,7513666,82.89,79.45,84.275,82.53
3/4/2022,19676804,90.66,81.73,90.95,82.01
3/7/2022,12623520,85.4,83.51,92.32,89.56
3/8/2022,12840933,82.37,77.77,85.5999,82
3/9/2022,11917672,79.52,77,80.81,79.8
3/10/2022,10238577,82.94,78.25,84.36,83.69
3/11/2022,5690036,79.04,78.65,81.8672,80.49
3/14/2022,7915115,73.5,72.0481,77.17,77.17
3/15/2022,7090348,73.71,69.93,74,71.07
3/16/2022,6809804,75.63,72.581,76.79,74.79
3/17/2022,8423152,80.73,77.02,81.72,77.98
3/18/2022,7681594,82.44,79.21,82.7,80.52
3/21/2022,9901007,90.69,85.3001,92.11,85.57
3/22/2022,6100540,89.88,88.52,91.563,89.98
3/23/2022,6848035,94.22,91.02,95.79,91.49
3/24/2022,7352274,95.06,91.39,95.44,91.65
3/25/2022,6039434,91.96,91.02,98.09,95.89
3/28/2022,5111285,92.46,88.11,92.87,90.64
3/29/2022,7530657,90.07,84.1295,90.1,86.5
3/30/2022,5513570,92.19,90.96,93.99,92.6
3/31/2022,4567221,90.03,89.8006,92.7,91.67
